universal_part_key,canonical_name,part_type,confidence,brand_count,brands,occurrence_count,catalog_skus,schematic_ids,example_titles,materials_seen,source_files
bolt 1/4-20 x 1-1/2,bolt 1/4-20 x 1-1/2,bolt,medium,2,Columbia; Platinum,7,,columbia-corner-roller-sch; columbia-outside-corner-roller-sch; platinum-outside-corner-roller,1/4-20 x 1-1/2 Hex Bolt (FA299); 1/4-20 x 1-1/2 Hex Bolt,,products\Production\launch\dtb_schematics_parts_flattened.csv; products\Production\launch\extra\dtb_parts_manager_import_schematic_map.csv; frontend\public\brands\Columbia\Schematics\CornerRollers\InsideCornerRoller\schematic_data.json; frontend\public\brands\Columbia\Schematics\CornerRollers\StandardOutsideCornerRoller\schematic_data.json; frontend\public\brands\Platinum\Schematics\CornerRollers\OutsideCornerRoller\schematic_data.json
nut 1/4-20 hex,nut 1/4-20 hex,nut,high,2,Columbia; TapeTech,15,CT109; FA291,columbia-automatic-taper-predator-carbon-fiber-53-ptaper-predatortaper-body-sch; tapetech-tapetech-lock-block-for-07tt-050212f-sch,"1/4 - 20 Hex Nut; ¼ - 20 Hex Nut (FA291); ¼ -20 Hex Nut (Castle Nut) (CT109); Nut 1/4 - 20 Heavy Hex. S.S 303; 1/4-20 Hex Nut, Slotted",stainless,products\Production\launch\dtb_parts_catalog.csv; products\Production\launch\dtb_schematics_parts_flattened.csv; products\Production\launch\extra\dtb_parts_manager_import_parts.csv; products\Production\launch\extra\dtb_parts_manager_import_schematic_map.csv; frontend\public\brands\Columbia\Schematics\AutomaticTapers\PredatorTaper\Body\schematic_data.json; frontend\public\brands\TapeTech\Schematics\07TT\schematic_data.json
nut 1/4-20 nylon lock,nut 1/4-20 nylon lock,nut,high,2,Columbia; Platinum,21,FA347; FA290,columbia-cam-lock-tube-sch; columbia-mud-pump-sch; columbia-outside-corner-roller-sch; columbia-automatic-taper-predator-carbon-fiber-53-ptaper-predatortaper-head-sch; columbia-mud-pump-sch-2; platinum-outside-corner-roller,1/4 - 20 Nyloc Nut; 1/4-20 Nyloc Nut (FA347); 1/4-20 Nyloc Nut (FA290); 1/4-20 Nyloc Nut,nylon,products\Production\launch\dtb_parts_catalog.csv; products\Production\launch\dtb_schematics_parts_flattened.csv; products\Production\launch\extra\dtb_parts_manager_import_parts.csv; products\Production\launch\extra\dtb_parts_manager_import_schematic_map.csv; frontend\public\brands\Columbia\Schematics\AutomaticTapers\PredatorTaper\Head\schematic_data.json; frontend\public\brands\Columbia\Schematics\CompoundTubes\CamLockTube\schematic_data.json; frontend\public\brands\Columbia\Schematics\CornerRollers\StandardOutsideCornerRoller\schematic_data.json; frontend\public\brands\Columbia\Schematics\Pumps\MudPump\schematic_data.json; frontend\public\brands\Columbia\Schematics\Pumps\TallBoyMudPump\schematic_data.json; frontend\public\brands\Platinum\Schematics\CornerRollers\OutsideCornerRoller\schematic_data.json
nut 10-24,nut 10-24,nut,high,3,Asgard; Columbia; TapeTech,9,FA272,asgard-loading-pump-lp01-ad-sch; 1777935057956; 1777935057957; 1777936233843; 1777936233844; 1777936233845; 1777936233846,10 - 24 Wing Nut; 709056 - 10-24 Sst Nut; Wing Nut: 10-24,stainless,products\Production\launch\dtb_parts_catalog.csv; products\Production\launch\extra\dtb_parts_manager_import_parts.csv; frontend\public\brands\Asgard\Schematics\Pumps\LP01-AD\schematic_data.json; frontend\public\brands\TapeTech\Schematics\EHC10\schematic_data.json; frontend\public\brands\TapeTech\Schematics\EHC12\schematic_data.json; frontend\public\brands\TapeTech\Schematics\PAHC07\schematic_data.json; frontend\public\brands\TapeTech\Schematics\PAHC10\schematic_data.json; frontend\public\brands\TapeTech\Schematics\PAHC12\schematic_data.json; frontend\public\brands\TapeTech\Schematics\QB06-QSX\schematic_data.json
nut 10-24 nylon lock,nut 10-24 nylon lock,nut,high,2,Asgard; Columbia,8,FA271,asgard-maxxbox-finishing-box-7-ehc07-ad-sch; asgard-10-inch-maxxbox-finishing-box-ehc10-ad-sch; asgard-maxxbox-finishing-box-12-ehc12-ad-sch; asgard-finishing-box-7-ez07-ad-sch; asgard-power-assist-maxxbox-10-pa10-ad-sch; asgard-power-assist-maxxbox-12-pa12-ad-sch,10 - 24 Nyloc Nut; 209017 - 10-24 Nylock Nut,nylon,products\Production\launch\dtb_parts_catalog.csv; products\Production\launch\extra\dtb_parts_manager_import_parts.csv; frontend\public\brands\Asgard\Schematics\FinishingBoxes\EHC07-AD\schematic_data.json; frontend\public\brands\Asgard\Schematics\FinishingBoxes\EHC10-AD\schematic_data.json; frontend\public\brands\Asgard\Schematics\FinishingBoxes\EHC12-AD\schematic_data.json; frontend\public\brands\Asgard\Schematics\FinishingBoxes\EZ07-AD\schematic_data.json; frontend\public\brands\Asgard\Schematics\FinishingBoxes\PA10-AD\schematic_data.json; frontend\public\brands\Asgard\Schematics\FinishingBoxes\PA12-AD\schematic_data.json
nut 10-32 lock,nut 10-32 lock,nut,medium,2,Level5; Platinum,8,,level5-10-inch-flat-box-4-765; level5-10-inch-mega-flat-box-4-768; level5-12-inch-flat-box-4-766; level5-12-inch-mega-box-4-769; level5-14-inch-flat-box-4-770; level5-7-inch-flat-box-4-764; level5-7-inch-mega-flat-box-4-767; platinum-flat-box,#10-32 Lock Nut,,frontend\public\brands\Level5\Schematics\FinishingBoxes\10-inch-Flat-Box\schematic_data.json; frontend\public\brands\Level5\Schematics\FinishingBoxes\10-inch-Mega-Flat-Box\schematic_data.json; frontend\public\brands\Level5\Schematics\FinishingBoxes\12-inch-Flat-Box\schematic_data.json; frontend\public\brands\Level5\Schematics\FinishingBoxes\12-inch-Mega-Box\schematic_data.json; frontend\public\brands\Level5\Schematics\FinishingBoxes\14-inch-Flat-Box\schematic_data.json; frontend\public\brands\Level5\Schematics\FinishingBoxes\7-inch-Flat-Box\schematic_data.json; frontend\public\brands\Level5\Schematics\FinishingBoxes\7-inch-Mega-Flat-Box\schematic_data.json; frontend\public\brands\Platinum\Schematics\FinishingBoxes\FlatBox\schematic_data.json
nut 3/8-16 nylon lock,nut 3/8-16 nylon lock,nut,high,2,Asgard; Columbia,6,FA358,columbia-corner-cobra-sch; asgard-loading-pump-lp01-ad-sch,3/8 - 16 Nyloc Nut; 3/8-16 Nyloc Nut (FA358); 709027 - 3/8-16 Thin Nylock Nut,nylon,products\Production\launch\dtb_parts_catalog.csv; products\Production\launch\dtb_schematics_parts_flattened.csv; products\Production\launch\extra\dtb_parts_manager_import_parts.csv; products\Production\launch\extra\dtb_parts_manager_import_schematic_map.csv; frontend\public\brands\Asgard\Schematics\Pumps\LP01-AD\schematic_data.json; frontend\public\brands\Columbia\Schematics\CornerRollers\CornerCobra\schematic_data.json
nut 4-40 hex,nut 4-40 hex,nut,high,2,Columbia; TapeTech,6,FA206; 059005,tapetech-tapetech-lock-block-for-07tt-050212f-sch,4 - 40 Hex Nut; 4-40 Hex S.S. Nut; Nut 4-40 Hex S.S.,stainless,products\Production\launch\dtb_parts_catalog.csv; products\Production\launch\dtb_schematics_parts_flattened.csv; products\Production\launch\extra\dtb_parts_manager_import_parts.csv; products\Production\launch\extra\dtb_parts_manager_import_schematic_map.csv; frontend\public\brands\TapeTech\Schematics\07TT\schematic_data.json
nut 6-32 brass,nut 6-32 brass,nut,high,2,Asgard; TapeTech,22,209058,tapetech-tapetech-lock-block-for-07tt-050212f-sch; tapetech-90-inside-corner-edger-tapetech-20ttx-sch; tapetech-90-inside-corner-edger-tapetech-25ttx-sch; tapetech-90-inside-corner-edger-tapetech-30ttx-sch; asgard-10-inch-maxxbox-finishing-box-ehc10-ad-sch; asgard-maxxbox-finishing-box-12-ehc12-ad-sch; asgard-finishing-box-7-ez07-ad-sch; asgard-power-assist-maxxbox-7-pa07-ad-sch; asgard-power-assist-maxxbox-10-pa10-ad-sch; asgard-power-assist-maxxbox-12-pa12-ad-sch; 1777935057956; 1777935057957; 1777936233843; 1777936233844; 1777936233845,6-32 Brass Nut; #6-32 Brass Nut; 209058 - 6-32 Brass Nut,brass,products\Production\launch\dtb_parts_catalog.csv; products\Production\launch\dtb_schematics_parts_flattened.csv; products\Production\launch\extra\dtb_parts_manager_import_parts.csv; products\Production\launch\extra\dtb_parts_manager_import_schematic_map.csv; frontend\public\brands\Asgard\Schematics\FinishingBoxes\EHC10-AD\schematic_data.json; frontend\public\brands\Asgard\Schematics\FinishingBoxes\EHC12-AD\schematic_data.json; frontend\public\brands\Asgard\Schematics\FinishingBoxes\EZ07-AD\schematic_data.json; frontend\public\brands\Asgard\Schematics\FinishingBoxes\PA07-AD\schematic_data.json; frontend\public\brands\Asgard\Schematics\FinishingBoxes\PA10-AD\schematic_data.json; frontend\public\brands\Asgard\Schematics\FinishingBoxes\PA12-AD\schematic_data.json; frontend\public\brands\TapeTech\Schematics\07TT\schematic_data.json; frontend\public\brands\TapeTech\Schematics\EHC10\schematic_data.json; frontend\public\brands\TapeTech\Schematics\EHC12\schematic_data.json; frontend\public\brands\TapeTech\Schematics\PAHC07\schematic_data.json; frontend\public\brands\TapeTech\Schematics\PAHC10\schematic_data.json; frontend\public\brands\TapeTech\Schematics\PAHC12\schematic_data.json
o-ring 5/32 id; 9/16 od,o-ring 5/32 id; 9/16 od,o-ring,medium,2,Asgard; TapeTech,3,,tapetech-tapetech-lock-block-for-07tt-050212f-sch; asgard-hammer-automatic-taper-at01-ad-sch,O Ring - 5/32 ID x 9/16 OD x 1/16 Wide,,products\Production\launch\dtb_schematics_parts_flattened.csv; frontend\public\brands\Asgard\Schematics\Tapers\AT01-AD\schematic_data.json; frontend\public\brands\TapeTech\Schematics\07TT\schematic_data.json
pin 1/16 x 1/2 cotter,pin 1/16 x 1/2 cotter,pin,medium,2,Columbia; TapeTech,20,FA202,tapetech-tapetech-lock-block-for-07tt-050212f-sch; tapetech-90-inside-corner-edger-tapetech-17tt-sch; tapetech-flat-box-handle-sch; 1776147101640; 1777935057955,"1/16 X 1/2"" Cotter Pin; Cotter Pin 1/16 X 1/2 SST.",stainless,products\Production\launch\dtb_parts_catalog.csv; products\Production\launch\dtb_schematics_parts_flattened.csv; products\Production\launch\extra\dtb_parts_manager_import_parts.csv; frontend\public\brands\TapeTech\Schematics\07TT\schematic_data.json; frontend\public\brands\TapeTech\Schematics\17TT\schematic_data.json; frontend\public\brands\TapeTech\Schematics\81XXTT\schematic_data.json
screw 1/4-20 x 2 hex head,screw 1/4-20 x 2 hex head,screw,medium,2,Asgard; Level5,2,,asgard-loading-pump-lp01-ad-sch; level5-compound-pump-4-771,729051 - 1/4-20 X 2 Hex Hd Capscrew; 1/4-20x2 Hex Head Screw,,frontend\public\brands\Asgard\Schematics\Pumps\LP01-AD\schematic_data.json; frontend\public\brands\Level5\Schematics\Pumps\Compound-Pump\schematic_data.json
screw 1/4-20 x 5/8 socket head,screw 1/4-20 x 5/8 socket head,screw,high,3,Asgard; Columbia; Level5,7,FA337,columbia-semi-automatic-taper-sat-sch; asgard-loading-pump-lp01-ad-sch; level5-compound-pump-4-771,1/4 - 20 x 5/8 Flat Socket Head; 1/4-20 x 5/8 Flat Socket Head (FA337); 709006 - 1/4-20x5/8 Socket Hd Capscrew; 1/4-20 x 5/8 Socket Head Screw,,products\Production\launch\dtb_parts_catalog.csv; products\Production\launch\dtb_schematics_parts_flattened.csv; products\Production\launch\extra\dtb_parts_manager_import_parts.csv; products\Production\launch\extra\dtb_parts_manager_import_schematic_map.csv; frontend\public\brands\Asgard\Schematics\Pumps\LP01-AD\schematic_data.json; frontend\public\brands\Columbia\Schematics\SemiAutomaticTapers\SemiAutomaticTaper\schematic_data.json; frontend\public\brands\Level5\Schematics\Pumps\Compound-Pump\schematic_data.json
screw 10-24 x 1-1/4 fillister head,screw 10-24 x 1-1/4 fillister head,screw,medium,2,Asgard; TapeTech,9,,tapetech-90-inside-corner-edger-tapetech-20ttx-sch; tapetech-90-inside-corner-edger-tapetech-25ttx-sch; tapetech-90-inside-corner-edger-tapetech-30ttx-sch; asgard-maxxbox-finishing-box-7-ehc07-ad-sch; asgard-maxxbox-finishing-box-12-ehc12-ad-sch; asgard-finishing-box-7-ez07-ad-sch; asgard-power-assist-maxxbox-7-pa07-ad-sch; asgard-power-assist-maxxbox-10-pa10-ad-sch; asgard-power-assist-maxxbox-12-pa12-ad-sch,#10-24 X 1-1/4 Fillister Head Screw; 339073 - 10-24 x 1-1/4 Fillister Head Screw,,products\Production\launch\dtb_schematics_parts_flattened.csv; frontend\public\brands\Asgard\Schematics\FinishingBoxes\EHC07-AD\schematic_data.json; frontend\public\brands\Asgard\Schematics\FinishingBoxes\EHC12-AD\schematic_data.json; frontend\public\brands\Asgard\Schematics\FinishingBoxes\EZ07-AD\schematic_data.json; frontend\public\brands\Asgard\Schematics\FinishingBoxes\PA07-AD\schematic_data.json; frontend\public\brands\Asgard\Schematics\FinishingBoxes\PA10-AD\schematic_data.json; frontend\public\brands\Asgard\Schematics\FinishingBoxes\PA12-AD\schematic_data.json
screw 10-32,screw 10-32,screw,medium,2,Level5; Platinum,8,,level5-10-inch-flat-box-4-765; level5-10-inch-mega-flat-box-4-768; level5-12-inch-flat-box-4-766; level5-12-inch-mega-box-4-769; level5-14-inch-flat-box-4-770; level5-7-inch-flat-box-4-764; level5-7-inch-mega-flat-box-4-767; platinum-flat-box,#10-32 X 1in SHC Screw,,frontend\public\brands\Level5\Schematics\FinishingBoxes\10-inch-Flat-Box\schematic_data.json; frontend\public\brands\Level5\Schematics\FinishingBoxes\10-inch-Mega-Flat-Box\schematic_data.json; frontend\public\brands\Level5\Schematics\FinishingBoxes\12-inch-Flat-Box\schematic_data.json; frontend\public\brands\Level5\Schematics\FinishingBoxes\12-inch-Mega-Box\schematic_data.json; frontend\public\brands\Level5\Schematics\FinishingBoxes\14-inch-Flat-Box\schematic_data.json; frontend\public\brands\Level5\Schematics\FinishingBoxes\7-inch-Flat-Box\schematic_data.json; frontend\public\brands\Level5\Schematics\FinishingBoxes\7-inch-Mega-Flat-Box\schematic_data.json; frontend\public\brands\Platinum\Schematics\FinishingBoxes\FlatBox\schematic_data.json
screw 10-32 hex head,screw 10-32 hex head,screw,medium,2,Level5; Platinum,8,,level5-10-inch-flat-box-4-765; level5-10-inch-mega-flat-box-4-768; level5-12-inch-flat-box-4-766; level5-12-inch-mega-box-4-769; level5-14-inch-flat-box-4-770; level5-7-inch-flat-box-4-764; level5-7-inch-mega-flat-box-4-767; platinum-flat-box,#10-32 Hex Head Shoulder Screw,,frontend\public\brands\Level5\Schematics\FinishingBoxes\10-inch-Flat-Box\schematic_data.json; frontend\public\brands\Level5\Schematics\FinishingBoxes\10-inch-Mega-Flat-Box\schematic_data.json; frontend\public\brands\Level5\Schematics\FinishingBoxes\12-inch-Flat-Box\schematic_data.json; frontend\public\brands\Level5\Schematics\FinishingBoxes\12-inch-Mega-Box\schematic_data.json; frontend\public\brands\Level5\Schematics\FinishingBoxes\14-inch-Flat-Box\schematic_data.json; frontend\public\brands\Level5\Schematics\FinishingBoxes\7-inch-Flat-Box\schematic_data.json; frontend\public\brands\Level5\Schematics\FinishingBoxes\7-inch-Mega-Flat-Box\schematic_data.json; frontend\public\brands\Platinum\Schematics\FinishingBoxes\FlatBox\schematic_data.json
screw 10-32 x 1/2 binder head,screw 10-32 x 1/2 binder head,screw,high,2,Asgard; TapeTech,7,509008,tapetech-corner-applicator-sch; tapetech-corner-applicator-sch-2; tapetech-easyclean-nail-spotter-sch-2; asgard-ca08-ad-applicator-box-head-sch; asgard-nail-spotter-head-only-ns03-ad-sch,"10-32 X 1/2"" Bind Head Screw +; 10-32X1/2 BHMS; 509008 - 10-32 X 1/2 Bd Hd Screw",,products\Production\launch\dtb_parts_catalog.csv; products\Production\launch\dtb_schematics_parts_flattened.csv; frontend\public\brands\Asgard\Schematics\AngleHeads\CA08-AD\schematic_data.json; frontend\public\brands\Asgard\Schematics\Spotters\NS03-AD\schematic_data.json
screw 10-32 x 5/8,screw 10-32 x 5/8,screw,medium,2,Asgard; TapeTech,3,,tapetech-tapetech-lock-block-for-07tt-050212f-sch; asgard-ca08-ad-applicator-box-head-sch,10-32X5/8 Button Hd Soc Cap Screw; 609021 - 10-32 X 5/8 Rd Hd Sst Screw,stainless,products\Production\launch\dtb_schematics_parts_flattened.csv; frontend\public\brands\Asgard\Schematics\AngleHeads\CA08-AD\schematic_data.json; frontend\public\brands\TapeTech\Schematics\07TT\schematic_data.json
screw 4-40 x 1 binder head,screw 4-40 x 1 binder head,screw,high,2,Asgard; TapeTech,5,219092,asgard-power-assist-maxxbox-10-pa10-ad-sch; 1777936233843; 1777936233844; 1777936233845,"4-40 X 1"" Bind Head Screw; TapeTech Screw, 4-40 X 1"" Binder Head SS (219092); Screw 4-40 X 1"" Bind Hd 18-8",stainless,products\Production\launch\dtb_parts_catalog.csv; frontend\public\brands\Asgard\Schematics\FinishingBoxes\PA10-AD\schematic_data.json; frontend\public\brands\TapeTech\Schematics\PAHC07\schematic_data.json; frontend\public\brands\TapeTech\Schematics\PAHC10\schematic_data.json; frontend\public\brands\TapeTech\Schematics\PAHC12\schematic_data.json
screw 4-40 x 1/2 fillister head,screw 4-40 x 1/2 fillister head,screw,high,2,Columbia; TapeTech,18,FA219; FA21A,columbia-compound-tube-sch; columbia-throttle-box-sch; columbia-automatic-taper-predator-carbon-fiber-53-ptaper-predatortaper-head-sch; tapetech-easyclean-nail-spotter-sch; tapetech-easyclean-nail-spotter-sch-2,"4 - 40 X 1/2"" Fillister Slot; 4 - 40 X 1/2 in Fill. Head Screw (FA219); 4-40 x ½"" Fillister Slot (FA219); 4-40 X 1/2 in Fill. Head Screw (FA219); 4-40X1/2 FILLISTER HEAD MS",,products\Production\launch\dtb_parts_catalog.csv; products\Production\launch\dtb_schematics_parts_flattened.csv; products\Production\launch\extra\dtb_parts_manager_import_parts.csv; products\Production\launch\extra\dtb_parts_manager_import_schematic_map.csv; frontend\public\brands\Columbia\Schematics\AutomaticTapers\PredatorTaper\Head\schematic_data.json; frontend\public\brands\Columbia\Schematics\CompoundTubes\CompoundTube\schematic_data.json; frontend\public\brands\Columbia\Schematics\CornerBoxes\ThrottleBox\schematic_data.json
screw 4-40 x 1/4 binder head,screw 4-40 x 1/4 binder head,screw,high,4,Asgard; Columbia; Level5; TapeTech,22,FA213,tapetech-tapetech-lock-block-for-07tt-050212f-sch; tapetech-90-inside-corner-edger-tapetech-42tt-sch; tapetech-90-inside-corner-edger-tapetech-48tt-sch; tapetech-flat-box-handle-sch; asgard-angle-head-2-5-ah25-ad-angleheads-ah25-ad-sch; asgard-angle-head-3-5-ah35-ad-sch; asgard-xh-ad-extension-support-handle-43-76-sch; level5-7293-gooser-assembly,"4 - 40 x 1/4"" Binder Slot; Screw 4-40 X 1/4 Bind Hd. S.S; 059037 - 4-40 X 1/4 Bind Hd Screw; TapeTech 4-40 X 1/4 Bind Hd Screw (059037); 4-40 x 1/4 Bind Head Screw",stainless,products\Production\launch\dtb_parts_catalog.csv; products\Production\launch\dtb_schematics_parts_flattened.csv; frontend\public\brands\Asgard\Schematics\AngleHeads\AH25-AD\schematic_data.json; frontend\public\brands\Asgard\Schematics\AngleHeads\AH35-AD\schematic_data.json; frontend\public\brands\Asgard\Schematics\Handles\XH-AD\schematic_data.json; frontend\public\brands\Level5\Schematics\AutomaticTapers\Gooser-Assembly\schematic_data.json; frontend\public\brands\TapeTech\Schematics\07TT\schematic_data.json; frontend\public\brands\TapeTech\Schematics\42TT\schematic_data.json; frontend\public\brands\TapeTech\Schematics\48TT\schematic_data.json
screw 4-40 x 1/4 fillister head,screw 4-40 x 1/4 fillister head,screw,high,4,Columbia; Level5; Platinum; TapeTech,21,FAZ10,columbia-automatic-taper-predator-carbon-fiber-53-ptaper-predatortaper-head-sch; tapetech-90-inside-corner-edger-tapetech-20ttx-sch; tapetech-90-inside-corner-edger-tapetech-25ttx-sch; tapetech-90-inside-corner-edger-tapetech-30ttx-sch; level5-10-inch-flat-box-4-765; level5-10-inch-mega-flat-box-4-768; level5-12-inch-flat-box-4-766; level5-12-inch-mega-box-4-769; level5-14-inch-flat-box-4-770; level5-7-inch-flat-box-4-764; level5-7-inch-mega-flat-box-4-767; platinum-flat-box; 1777935057956; 1777935057957; 1777936233843; 1777936233844; 1777936233845,Predator Taper 4 - 40 x 1/4 Fillister Slot; Predator Taper 4-40 x 1/4 Fillister Slot (FAZ10); #4-40 x 1/4 Fillister Head Screw; Screw 4-40 X 1/4 Fillister Head 18-8 S.S,stainless,products\Production\launch\dtb_parts_catalog.csv; products\Production\launch\dtb_schematics_parts_flattened.csv; products\Production\launch\extra\dtb_parts_manager_import_parts.csv; products\Production\launch\extra\dtb_parts_manager_import_schematic_map.csv; frontend\public\brands\Columbia\Schematics\AutomaticTapers\PredatorTaper\Head\schematic_data.json; frontend\public\brands\Level5\Schematics\FinishingBoxes\10-inch-Flat-Box\schematic_data.json; frontend\public\brands\Level5\Schematics\FinishingBoxes\10-inch-Mega-Flat-Box\schematic_data.json; frontend\public\brands\Level5\Schematics\FinishingBoxes\12-inch-Flat-Box\schematic_data.json; frontend\public\brands\Level5\Schematics\FinishingBoxes\12-inch-Mega-Box\schematic_data.json; frontend\public\brands\Level5\Schematics\FinishingBoxes\14-inch-Flat-Box\schematic_data.json; frontend\public\brands\Level5\Schematics\FinishingBoxes\7-inch-Flat-Box\schematic_data.json; frontend\public\brands\Level5\Schematics\FinishingBoxes\7-inch-Mega-Flat-Box\schematic_data.json; frontend\public\brands\Platinum\Schematics\FinishingBoxes\FlatBox\schematic_data.json; frontend\public\brands\TapeTech\Schematics\EHC10\schematic_data.json; frontend\public\brands\TapeTech\Schematics\EHC12\schematic_data.json; frontend\public\brands\TapeTech\Schematics\PAHC07\schematic_data.json; frontend\public\brands\TapeTech\Schematics\PAHC10\schematic_data.json; frontend\public\brands\TapeTech\Schematics\PAHC12\schematic_data.json
screw 4-40 x 1/8 binder head,screw 4-40 x 1/8 binder head,screw,high,3,Asgard; Columbia; TapeTech,10,FA208,tapetech-tapetech-lock-block-for-07tt-050212f-sch; asgard-finishing-box-7-ez07-ad-sch; asgard-finishing-box-10-ez10-ad-sch; asgard-finishing-box-12-ez12-ad-sch,"4 - 40 x 1/8"" Binder Slot; Screw, 4-40 X 1/8 Bind. Hd. S.S.; 209048 - 4-40 X 1/8 Bind Hd Screw",stainless,products\Production\launch\dtb_parts_catalog.csv; products\Production\launch\dtb_schematics_parts_flattened.csv; frontend\public\brands\Asgard\Schematics\FinishingBoxes\EZ07-AD\schematic_data.json; frontend\public\brands\Asgard\Schematics\FinishingBoxes\EZ10-AD\schematic_data.json; frontend\public\brands\Asgard\Schematics\FinishingBoxes\EZ12-AD\schematic_data.json; frontend\public\brands\TapeTech\Schematics\07TT\schematic_data.json
screw 4-40 x 3/16 binder head,screw 4-40 x 3/16 binder head,screw,high,4,Asgard; Columbia; Level5; TapeTech,31,FA210; FAZ07,columbia-automatic-taper-predator-carbon-fiber-53-ptaper-predatortaper-head-sch; tapetech-tapetech-lock-block-for-07tt-050212f-sch; tapetech-90-inside-corner-edger-tapetech-40tt-sch; tapetech-90-inside-corner-edger-tapetech-45tt-sch; tapetech-easyclean-nail-spotter-sch; tapetech-easyclean-nail-spotter-sch-2; asgard-nail-spotter-head-only-ns03-ad-sch; level5-7218-taper-wheel-assembly,"4 - 40 x 3/16"" Binder Slot; Predator Taper 4 - 40 x 3/16 Binder Slot; Predator Taper 4-40 x 3/16 Binder Slot (FAZ07); Screw 4-40 x 3/16 Bind Hd. S.S; 4-40 X 3/16 BIND HEAD SCREW SST; 059057 - 4-40 X 3/16 Bind Hd Screw; 4-40 x3/16 Bind Head Screw",stainless,products\Production\launch\dtb_parts_catalog.csv; products\Production\launch\dtb_schematics_parts_flattened.csv; products\Production\launch\extra\dtb_parts_manager_import_parts.csv; products\Production\launch\extra\dtb_parts_manager_import_schematic_map.csv; frontend\public\brands\Asgard\Schematics\Spotters\NS03-AD\schematic_data.json; frontend\public\brands\Columbia\Schematics\AutomaticTapers\PredatorTaper\Head\schematic_data.json; frontend\public\brands\Level5\Schematics\AutomaticTapers\Taper-Wheel-Assembly\schematic_data.json; frontend\public\brands\TapeTech\Schematics\07TT\schematic_data.json
screw 4-40 x 3/16 fillister head,screw 4-40 x 3/16 fillister head,screw,high,2,Asgard; TapeTech,12,889030,asgard-maxxbox-finishing-box-7-ehc07-ad-sch; asgard-10-inch-maxxbox-finishing-box-ehc10-ad-sch; asgard-maxxbox-finishing-box-12-ehc12-ad-sch; asgard-power-assist-maxxbox-7-pa07-ad-sch; asgard-power-assist-maxxbox-10-pa10-ad-sch; asgard-power-assist-maxxbox-12-pa12-ad-sch; 1777935057956; 1777935057957; 1777936233843; 1777936233844; 1777936233845,"4-40 X 3/16 Fillisterhead Screw; 889030 - 4-40 X 3/16 Fill. Head Screw; 4-40 X 3/16 Fillister Head, 18-8 S.S/",stainless,products\Production\launch\dtb_parts_catalog.csv; frontend\public\brands\Asgard\Schematics\FinishingBoxes\EHC07-AD\schematic_data.json; frontend\public\brands\Asgard\Schematics\FinishingBoxes\EHC10-AD\schematic_data.json; frontend\public\brands\Asgard\Schematics\FinishingBoxes\EHC12-AD\schematic_data.json; frontend\public\brands\Asgard\Schematics\FinishingBoxes\PA07-AD\schematic_data.json; frontend\public\brands\Asgard\Schematics\FinishingBoxes\PA10-AD\schematic_data.json; frontend\public\brands\Asgard\Schematics\FinishingBoxes\PA12-AD\schematic_data.json; frontend\public\brands\TapeTech\Schematics\EHC10\schematic_data.json; frontend\public\brands\TapeTech\Schematics\EHC12\schematic_data.json; frontend\public\brands\TapeTech\Schematics\PAHC07\schematic_data.json; frontend\public\brands\TapeTech\Schematics\PAHC10\schematic_data.json; frontend\public\brands\TapeTech\Schematics\PAHC12\schematic_data.json
screw 4-40 x 3/16 flat head,screw 4-40 x 3/16 flat head,screw,high,3,Asgard; Columbia; TapeTech,7,FA20A,columbia-automatic-taper-predator-carbon-fiber-53-ptaper-predatortaper-head-sch; asgard-xh-ad-extension-support-handle-43-76-sch; 1777936233846,"4 - 40 x 3/16 Flat Head Screw; 4-40 x 3/16 Flat Head Screw (FA20A); 499023 - Screw, 4-40 x 3/16, Flat Head, SST; 4-40 X 3/16 Flat Head Screw 18-8",stainless,products\Production\launch\dtb_parts_catalog.csv; products\Production\launch\dtb_schematics_parts_flattened.csv; products\Production\launch\extra\dtb_parts_manager_import_parts.csv; products\Production\launch\extra\dtb_parts_manager_import_schematic_map.csv; frontend\public\brands\Asgard\Schematics\Handles\XH-AD\schematic_data.json; frontend\public\brands\Columbia\Schematics\AutomaticTapers\PredatorTaper\Head\schematic_data.json; frontend\public\brands\TapeTech\Schematics\QB06-QSX\schematic_data.json
screw 4-40 x 3/8 binder head,screw 4-40 x 3/8 binder head,screw,high,2,Asgard; TapeTech,3,059217,asgard-hammer-automatic-taper-at01-ad-sch; 1777935057955,"4-40 X 3/8"" BIND HEADSST SCREW; 059217 - 4-40 X 3/8 Bind Head Screw; Screw 4-40 X 3/8 Bind. Hd. S.S",stainless,products\Production\launch\dtb_parts_catalog.csv; frontend\public\brands\Asgard\Schematics\Tapers\AT01-AD\schematic_data.json; frontend\public\brands\TapeTech\Schematics\81XXTT\schematic_data.json
screw 4-40 x 3/8 fillister head,screw 4-40 x 3/8 fillister head,screw,high,3,Asgard; Columbia; TapeTech,27,FA216; 059161,tapetech-tapetech-lock-block-for-07tt-050212f-sch; asgard-maxxbox-finishing-box-7-ehc07-ad-sch; asgard-10-inch-maxxbox-finishing-box-ehc10-ad-sch; asgard-maxxbox-finishing-box-12-ehc12-ad-sch; asgard-power-assist-maxxbox-7-pa07-ad-sch; asgard-power-assist-maxxbox-10-pa10-ad-sch; asgard-power-assist-maxxbox-12-pa12-ad-sch; 1777935057956; 1777935057957; 1777936233843; 1777936233845,"4 - 40 X 3/8"" Fillister Slot; 4-40 X 3/8"" Fillister Head Sst Screw +; Screw 4-40 X 3/8 Fil. Hd. S.S; 059161 - 4-40 X 3/8 Fillister Head Screw",stainless,products\Production\launch\dtb_parts_catalog.csv; products\Production\launch\dtb_schematics_parts_flattened.csv; products\Production\launch\extra\dtb_parts_manager_import_parts.csv; products\Production\launch\extra\dtb_parts_manager_import_schematic_map.csv; frontend\public\brands\Asgard\Schematics\FinishingBoxes\EHC07-AD\schematic_data.json; frontend\public\brands\Asgard\Schematics\FinishingBoxes\EHC10-AD\schematic_data.json; frontend\public\brands\Asgard\Schematics\FinishingBoxes\EHC12-AD\schematic_data.json; frontend\public\brands\Asgard\Schematics\FinishingBoxes\PA07-AD\schematic_data.json; frontend\public\brands\Asgard\Schematics\FinishingBoxes\PA10-AD\schematic_data.json; frontend\public\brands\Asgard\Schematics\FinishingBoxes\PA12-AD\schematic_data.json; frontend\public\brands\TapeTech\Schematics\07TT\schematic_data.json; frontend\public\brands\TapeTech\Schematics\EHC10\schematic_data.json; frontend\public\brands\TapeTech\Schematics\EHC12\schematic_data.json; frontend\public\brands\TapeTech\Schematics\PAHC07\schematic_data.json; frontend\public\brands\TapeTech\Schematics\PAHC12\schematic_data.json
screw 4-40 x 3/8 flat head,screw 4-40 x 3/8 flat head,screw,medium,2,Asgard; TapeTech,2,,tapetech-90-inside-corner-edger-tapetech-25ttx-sch; asgard-nail-spotter-head-only-ns03-ad-sch,#4-40 x 3/8 Flat Head Screw; 609048 - 4-40 X 3/8 Flat Hd Screw,,products\Production\launch\dtb_schematics_parts_flattened.csv; frontend\public\brands\Asgard\Schematics\Spotters\NS03-AD\schematic_data.json
screw 4-40 x 31/64,screw 4-40 x 31/64,screw,medium,2,Asgard; TapeTech,7,,tapetech-90-inside-corner-edger-tapetech-42tt-sch; tapetech-90-inside-corner-edger-tapetech-48tt-sch; asgard-angle-head-2-5-ah25-ad-angleheads-ah25-ad-sch; asgard-angle-head-3-5-ah35-ad-sch; asgard-power-assist-maxxbox-7-pa07-ad-sch,"Screw, 4-40 X 31/64; 489022 - Screw, 4-40 X 31/64",,products\Production\launch\dtb_schematics_parts_flattened.csv; frontend\public\brands\Asgard\Schematics\AngleHeads\AH25-AD\schematic_data.json; frontend\public\brands\Asgard\Schematics\AngleHeads\AH35-AD\schematic_data.json; frontend\public\brands\Asgard\Schematics\FinishingBoxes\PA07-AD\schematic_data.json; frontend\public\brands\TapeTech\Schematics\42TT\schematic_data.json; frontend\public\brands\TapeTech\Schematics\48TT\schematic_data.json
screw 4-40 x 5/16,screw 4-40 x 5/16,screw,medium,2,Level5; TapeTech,5,,tapetech-tapetech-lock-block-for-07tt-050212f-sch; level5-7377-cover-plate-assembly-old-style; 1777935057957; 1777936233845,Screw: 4-40 X 5/16 Fl. Hd. S.S.; 4-40 x 5/16 BH Screw- Fastenal 70657,stainless,products\Production\launch\dtb_schematics_parts_flattened.csv; frontend\public\brands\Level5\Schematics\AutomaticTapers\Cover-Plate-Assembly\schematic_data.json; frontend\public\brands\TapeTech\Schematics\07TT\schematic_data.json; frontend\public\brands\TapeTech\Schematics\EHC12\schematic_data.json; frontend\public\brands\TapeTech\Schematics\PAHC12\schematic_data.json
screw 4-40 x 5/16 binder head,screw 4-40 x 5/16 binder head,screw,high,3,Asgard; Columbia; TapeTech,11,FA215,tapetech-tapetech-lock-block-for-07tt-050212f-sch; tapetech-corner-applicator-sch; tapetech-corner-applicator-sch-2; asgard-ca08-ad-applicator-box-head-sch; asgard-hammer-automatic-taper-at01-ad-sch,"4 - 40 x 5/16"" Binder Slot; Screw 4-40 X 5/16 Bind. Hd. S.S; 4-40 X 5/16 BIND HEAD SCREW SST; 059156 - 4-40 X 5/16 Bind Hd Screw",stainless,products\Production\launch\dtb_parts_catalog.csv; products\Production\launch\dtb_schematics_parts_flattened.csv; frontend\public\brands\Asgard\Schematics\AngleHeads\CA08-AD\schematic_data.json; frontend\public\brands\Asgard\Schematics\Tapers\AT01-AD\schematic_data.json; frontend\public\brands\TapeTech\Schematics\07TT\schematic_data.json
screw 4-40 x 5/16 flat head,screw 4-40 x 5/16 flat head,screw,medium,2,Asgard; TapeTech,5,,tapetech-corner-applicator-sch; tapetech-corner-applicator-sch-2; asgard-ca08-ad-applicator-box-head-sch; asgard-maxxbox-finishing-box-12-ehc12-ad-sch; asgard-power-assist-maxxbox-12-pa12-ad-sch,4-40 X 5/16 FLAT HEAD SCREW SST; 509010 - 4-40 X 5/16 Flat Hd Screw,stainless,products\Production\launch\dtb_schematics_parts_flattened.csv; frontend\public\brands\Asgard\Schematics\AngleHeads\CA08-AD\schematic_data.json; frontend\public\brands\Asgard\Schematics\FinishingBoxes\EHC12-AD\schematic_data.json; frontend\public\brands\Asgard\Schematics\FinishingBoxes\PA12-AD\schematic_data.json
screw 4-40 x 5/16 pan head,screw 4-40 x 5/16 pan head,screw,medium,2,Asgard; TapeTech,3,,tapetech-90-inside-corner-edger-tapetech-48tt-sch; asgard-angle-head-3-5-ah35-ad-sch,"Screw, 4-40 X 5/16 Nylock Pan Hd.; 489020 - 4-40x5/16 Nylock Pan Hd Screw",nylon,products\Production\launch\dtb_schematics_parts_flattened.csv; frontend\public\brands\Asgard\Schematics\AngleHeads\AH35-AD\schematic_data.json; frontend\public\brands\TapeTech\Schematics\48TT\schematic_data.json
screw 4-40 x 7/32 binder head,screw 4-40 x 7/32 binder head,screw,medium,2,Asgard; TapeTech,11,,asgard-maxxbox-finishing-box-7-ehc07-ad-sch; asgard-maxxbox-finishing-box-12-ehc12-ad-sch; asgard-finishing-box-7-ez07-ad-sch; asgard-power-assist-maxxbox-7-pa07-ad-sch; asgard-power-assist-maxxbox-10-pa10-ad-sch; asgard-power-assist-maxxbox-12-pa12-ad-sch; 1777935057956; 1777935057957; 1777936233843; 1777936233844; 1777936233845,209016 - Screw 4-40 X 7/32 Bind Hd; Screw 4-40 X 7/32 Bind Hd.,,frontend\public\brands\Asgard\Schematics\FinishingBoxes\EHC07-AD\schematic_data.json; frontend\public\brands\Asgard\Schematics\FinishingBoxes\EHC12-AD\schematic_data.json; frontend\public\brands\Asgard\Schematics\FinishingBoxes\EZ07-AD\schematic_data.json; frontend\public\brands\Asgard\Schematics\FinishingBoxes\PA07-AD\schematic_data.json; frontend\public\brands\Asgard\Schematics\FinishingBoxes\PA10-AD\schematic_data.json; frontend\public\brands\Asgard\Schematics\FinishingBoxes\PA12-AD\schematic_data.json; frontend\public\brands\TapeTech\Schematics\EHC10\schematic_data.json; frontend\public\brands\TapeTech\Schematics\EHC12\schematic_data.json; frontend\public\brands\TapeTech\Schematics\PAHC07\schematic_data.json; frontend\public\brands\TapeTech\Schematics\PAHC10\schematic_data.json; frontend\public\brands\TapeTech\Schematics\PAHC12\schematic_data.json
screw 5/16-18 x 7/8 hex head,screw 5/16-18 x 7/8 hex head,screw,medium,2,Asgard; Level5,2,,asgard-loading-pump-lp01-ad-sch; level5-compound-pump-4-771,709023 - 5/16-18x7/8 Hex Hd Capscrew; 5/16-18 x 7/8 Hex Head Screw,,frontend\public\brands\Asgard\Schematics\Pumps\LP01-AD\schematic_data.json; frontend\public\brands\Level5\Schematics\Pumps\Compound-Pump\schematic_data.json
screw 6-32 flat head,screw 6-32 flat head,screw,high,2,Asgard; TapeTech,10,059107,asgard-maxxbox-finishing-box-7-ehc07-ad-sch; asgard-10-inch-maxxbox-finishing-box-ehc10-ad-sch; asgard-power-assist-maxxbox-7-pa07-ad-sch; asgard-power-assist-maxxbox-10-pa10-ad-sch; asgard-power-assist-maxxbox-12-pa12-ad-sch,1/4 in x 6-32 TapeTech Stainless Steel Flat Head Screw; 219081 - 6-32 Flat Head Screw,stainless,products\Production\launch\dtb_parts_catalog.csv; products\Production\launch\extra\dtb_parts_manager_import_parts.csv; frontend\public\brands\Asgard\Schematics\FinishingBoxes\EHC07-AD\schematic_data.json; frontend\public\brands\Asgard\Schematics\FinishingBoxes\EHC10-AD\schematic_data.json; frontend\public\brands\Asgard\Schematics\FinishingBoxes\PA07-AD\schematic_data.json; frontend\public\brands\Asgard\Schematics\FinishingBoxes\PA10-AD\schematic_data.json; frontend\public\brands\Asgard\Schematics\FinishingBoxes\PA12-AD\schematic_data.json
screw 6-32 x 1/2 fillister head,screw 6-32 x 1/2 fillister head,screw,high,5,Asgard; Columbia; Level5; Platinum; TapeTech,26,FA245; 059091,columbia-angle-head-sch; tapetech-tapetech-lock-block-for-07tt-050212f-sch; tapetech-90-inside-corner-edger-tapetech-40tt-sch; tapetech-90-inside-corner-edger-tapetech-42tt-sch; tapetech-90-inside-corner-edger-tapetech-45tt-sch; tapetech-90-inside-corner-edger-tapetech-48tt-sch; asgard-angle-head-2-5-ah25-ad-angleheads-ah25-ad-sch; asgard-angle-head-3-ah30-ad-sch; asgard-angle-head-3-5-ah35-ad-sch; level5-4-734-3-5-corner-finisher; platinum-corner-finisher,"6 - 32 X 1/2"" Fillister Slot; 6-32 X 1/2"" Fillister Head Sst Screw; 6-32 X 1/2"" Fill. Head Screw (FA245); Screw 6-32 X 1/2 Slotted Fil. Hd., S.S.; 6-32 X 1/2 FILLISTER HEAD SCREW SST; 059091 - 6-32 X 1/2 Fill. Hd Screw; 6-32 x 1/2 FillisterHeadScrew",stainless,products\Production\launch\dtb_parts_catalog.csv; products\Production\launch\dtb_schematics_parts_flattened.csv; products\Production\launch\extra\dtb_parts_manager_import_parts.csv; products\Production\launch\extra\dtb_parts_manager_import_schematic_map.csv; frontend\public\brands\Asgard\Schematics\AngleHeads\AH25-AD\schematic_data.json; frontend\public\brands\Asgard\Schematics\AngleHeads\AH30-AD\schematic_data.json; frontend\public\brands\Asgard\Schematics\AngleHeads\AH35-AD\schematic_data.json; frontend\public\brands\Columbia\Schematics\Angleheads\AngleHead\schematic_data.json; frontend\public\brands\Level5\Schematics\CornerFinishers\3.5-inch-Corner-Finisher\schematic_data.json; frontend\public\brands\Platinum\Schematics\CornerFinishers\CornerFinisher\schematic_data.json; frontend\public\brands\TapeTech\Schematics\07TT\schematic_data.json; frontend\public\brands\TapeTech\Schematics\42TT\schematic_data.json; frontend\public\brands\TapeTech\Schematics\48TT\schematic_data.json
screw 6-32 x 1/4 binder head,screw 6-32 x 1/4 binder head,screw,high,4,Asgard; Columbia; Level5; TapeTech,48,FA239,columbia-angle-head-sch; columbia-cam-lock-tube-sch; columbia-compound-tube-sch; columbia-automatic-taper-predator-carbon-fiber-53-ptaper-predatortaper-head-sch; columbia-semi-automatic-taper-sat-sch; tapetech-90-inside-corner-edger-tapetech-17tt-sch; tapetech-corner-applicator-sch; tapetech-90-inside-corner-edger-tapetech-40tt-sch; tapetech-90-inside-corner-edger-tapetech-42tt-sch; tapetech-90-inside-corner-edger-tapetech-45tt-sch; tapetech-90-inside-corner-edger-tapetech-48tt-sch; tapetech-corner-applicator-sch-2; tapetech-easyclean-nail-spotter-sch; tapetech-easyclean-nail-spotter-sch-2; asgard-angle-head-2-5-ah25-ad-angleheads-ah25-ad-sch; asgard-angle-head-3-ah30-ad-sch; asgard-angle-head-3-5-ah35-ad-sch; asgard-ca08-ad-applicator-box-head-sch; asgard-brakeless-box-handle-34-bbh-ad-sch; asgard-nail-spotter-head-only-ns03-ad-sch; ... +2,"6 - 32 X 1/4"" Binder Slot; 6-32 x ¼"" Binder Slot (FA239); Screw: 6-32 X 1/4 Bind Hd.; 6-32 X 1/4 BIND HEAD SCREW SST; 359005 - 6-32 X 1/4 Bind Hd Screw; TapeTech 6-32 X 1/4 Bind Hd Screw (359005); CF 6-32 X 1/4 Bind Head Screw SST",stainless,products\Production\launch\dtb_parts_catalog.csv; products\Production\launch\dtb_schematics_parts_flattened.csv; products\Production\launch\extra\dtb_parts_manager_import_parts.csv; products\Production\launch\extra\dtb_parts_manager_import_schematic_map.csv; frontend\public\brands\Asgard\Schematics\AngleHeads\AH25-AD\schematic_data.json; frontend\public\brands\Asgard\Schematics\AngleHeads\AH30-AD\schematic_data.json; frontend\public\brands\Asgard\Schematics\AngleHeads\AH35-AD\schematic_data.json; frontend\public\brands\Asgard\Schematics\AngleHeads\CA08-AD\schematic_data.json; frontend\public\brands\Asgard\Schematics\Handles\BBH-AD\schematic_data.json; frontend\public\brands\Asgard\Schematics\Spotters\NS03-AD\schematic_data.json; frontend\public\brands\Columbia\Schematics\Angleheads\AngleHead\schematic_data.json; frontend\public\brands\Columbia\Schematics\AutomaticTapers\PredatorTaper\Head\schematic_data.json; frontend\public\brands\Columbia\Schematics\CompoundTubes\CamLockTube\schematic_data.json; frontend\public\brands\Columbia\Schematics\CompoundTubes\CompoundTube\schematic_data.json; frontend\public\brands\Columbia\Schematics\SemiAutomaticTapers\SemiAutomaticTaper\schematic_data.json; frontend\public\brands\Level5\Schematics\CornerFinishers\3.5-inch-Corner-Finisher\schematic_data.json; frontend\public\brands\TapeTech\Schematics\17TT\schematic_data.json; frontend\public\brands\TapeTech\Schematics\42TT\schematic_data.json; frontend\public\brands\TapeTech\Schematics\48TT\schematic_data.json
screw 6-32 x 1/4 fillister head,screw 6-32 x 1/4 fillister head,screw,medium,4,Asgard; Level5; Platinum; TapeTech,38,,tapetech-tapetech-lock-block-for-07tt-050212f-sch; tapetech-90-inside-corner-edger-tapetech-20ttx-sch; tapetech-90-inside-corner-edger-tapetech-25ttx-sch; tapetech-90-inside-corner-edger-tapetech-30ttx-sch; asgard-maxxbox-finishing-box-7-ehc07-ad-sch; asgard-10-inch-maxxbox-finishing-box-ehc10-ad-sch; asgard-maxxbox-finishing-box-12-ehc12-ad-sch; asgard-finishing-box-7-ez07-ad-sch; asgard-power-assist-maxxbox-7-pa07-ad-sch; asgard-power-assist-maxxbox-10-pa10-ad-sch; asgard-power-assist-maxxbox-12-pa12-ad-sch; level5-10-inch-flat-box-4-765; level5-10-inch-mega-flat-box-4-768; level5-12-inch-flat-box-4-766; level5-12-inch-mega-box-4-769; level5-14-inch-flat-box-4-770; level5-7-inch-flat-box-4-764; level5-7-inch-mega-flat-box-4-767; platinum-flat-box; 1777935057956; ... +4,Screw 6-32 X 1/4 Fil. Hd. S.S.; #6-32 x 1/4 Fillister Head Screw; 6-32 X 1/4 Fillister Hd Screw - 059015; #6-32 x 1/4 Fillister Head,stainless,products\Production\launch\dtb_schematics_parts_flattened.csv; frontend\public\brands\Asgard\Schematics\FinishingBoxes\EHC07-AD\schematic_data.json; frontend\public\brands\Asgard\Schematics\FinishingBoxes\EHC10-AD\schematic_data.json; frontend\public\brands\Asgard\Schematics\FinishingBoxes\EHC12-AD\schematic_data.json; frontend\public\brands\Asgard\Schematics\FinishingBoxes\EZ07-AD\schematic_data.json; frontend\public\brands\Asgard\Schematics\FinishingBoxes\PA07-AD\schematic_data.json; frontend\public\brands\Asgard\Schematics\FinishingBoxes\PA10-AD\schematic_data.json; frontend\public\brands\Asgard\Schematics\FinishingBoxes\PA12-AD\schematic_data.json; frontend\public\brands\Level5\Schematics\FinishingBoxes\10-inch-Flat-Box\schematic_data.json; frontend\public\brands\Level5\Schematics\FinishingBoxes\10-inch-Mega-Flat-Box\schematic_data.json; frontend\public\brands\Level5\Schematics\FinishingBoxes\12-inch-Flat-Box\schematic_data.json; frontend\public\brands\Level5\Schematics\FinishingBoxes\12-inch-Mega-Box\schematic_data.json; frontend\public\brands\Level5\Schematics\FinishingBoxes\14-inch-Flat-Box\schematic_data.json; frontend\public\brands\Level5\Schematics\FinishingBoxes\7-inch-Flat-Box\schematic_data.json; frontend\public\brands\Level5\Schematics\FinishingBoxes\7-inch-Mega-Flat-Box\schematic_data.json; frontend\public\brands\Platinum\Schematics\FinishingBoxes\FlatBox\schematic_data.json; frontend\public\brands\TapeTech\Schematics\07TT\schematic_data.json; frontend\public\brands\TapeTech\Schematics\EHC10\schematic_data.json; frontend\public\brands\TapeTech\Schematics\EHC12\schematic_data.json; frontend\public\brands\TapeTech\Schematics\PAHC07\schematic_data.json; frontend\public\brands\TapeTech\Schematics\PAHC10\schematic_data.json; frontend\public\brands\TapeTech\Schematics\PAHC12\schematic_data.json
screw 6-32 x 1/4 pan head,screw 6-32 x 1/4 pan head,screw,high,3,Asgard; Columbia; TapeTech,7,FA27A; 889035,columbia-automatic-taper-predator-carbon-fiber-53-ptaper-predatortaper-head-sch; asgard-xh-ad-extension-support-handle-43-76-sch,6 - 32 x 1/4 Pan Head Screw; 6-32 x 1/4 Pan Head Screw; 6-32 x 1/4 Pan Head Screw (FA27A); 889035 - 6-32 X 1/4 Pan Head Screw,,products\Production\launch\dtb_parts_catalog.csv; products\Production\launch\dtb_schematics_parts_flattened.csv; products\Production\launch\extra\dtb_parts_manager_import_parts.csv; products\Production\launch\extra\dtb_parts_manager_import_schematic_map.csv; frontend\public\brands\Asgard\Schematics\Handles\XH-AD\schematic_data.json; frontend\public\brands\Columbia\Schematics\AutomaticTapers\PredatorTaper\Head\schematic_data.json
screw 6-32 x 3/16 fillister head,screw 6-32 x 3/16 fillister head,screw,high,4,Asgard; Columbia; Level5; TapeTech,45,FA238,columbia-automatic-flat-finishing-box-sch; columbia-throttle-box-sch; columbia-fat-boy-finishing-box-sch; columbia-flat-finishing-box-sch; columbia-automatic-taper-predator-carbon-fiber-53-ptaper-predatortaper-head-sch; columbia-semi-automatic-taper-sat-sch; tapetech-tapetech-lock-block-for-07tt-050212f-sch; tapetech-corner-applicator-sch; tapetech-corner-applicator-sch-2; asgard-maxxbox-finishing-box-7-ehc07-ad-sch; asgard-maxxbox-finishing-box-12-ehc12-ad-sch; asgard-power-assist-maxxbox-7-pa07-ad-sch; asgard-power-assist-maxxbox-10-pa10-ad-sch; asgard-power-assist-maxxbox-12-pa12-ad-sch; level5-7377-cover-plate-assembly-old-style; level5-7293-gooser-assembly; 1777935057956; 1777935057957; 1777936233843; 1777936233844; ... +1,"6 - 32 X 3/16"" Fillister Slot; 6-32 x 3/16"" Fillister Slot (FA238); Screw 6-32 X 3/16 Fil. Hd. S.S; 6-32 X 3/16 FILLISTER HEAD SCREW SST; 059051 - 6-32 X 3/16 Fillister Screw; 6-32X3/16 Fillister Head Screw",stainless,products\Production\launch\dtb_parts_catalog.csv; products\Production\launch\dtb_schematics_parts_flattened.csv; products\Production\launch\extra\dtb_parts_manager_import_parts.csv; products\Production\launch\extra\dtb_parts_manager_import_schematic_map.csv; frontend\public\brands\Asgard\Schematics\FinishingBoxes\EHC07-AD\schematic_data.json; frontend\public\brands\Asgard\Schematics\FinishingBoxes\EHC12-AD\schematic_data.json; frontend\public\brands\Asgard\Schematics\FinishingBoxes\PA07-AD\schematic_data.json; frontend\public\brands\Asgard\Schematics\FinishingBoxes\PA10-AD\schematic_data.json; frontend\public\brands\Asgard\Schematics\FinishingBoxes\PA12-AD\schematic_data.json; frontend\public\brands\Columbia\Schematics\AutomaticTapers\PredatorTaper\Head\schematic_data.json; frontend\public\brands\Columbia\Schematics\CornerBoxes\ThrottleBox\schematic_data.json; frontend\public\brands\Columbia\Schematics\FinishingBoxes\AutomaticFlatBox\schematic_data.json; frontend\public\brands\Columbia\Schematics\FinishingBoxes\FatBoyBox\schematic_data.json; frontend\public\brands\Columbia\Schematics\FinishingBoxes\FlatBox\schematic_data.json; frontend\public\brands\Columbia\Schematics\SemiAutomaticTapers\SemiAutomaticTaper\schematic_data.json; frontend\public\brands\Level5\Schematics\AutomaticTapers\Cover-Plate-Assembly\schematic_data.json; frontend\public\brands\Level5\Schematics\AutomaticTapers\Gooser-Assembly\schematic_data.json; frontend\public\brands\TapeTech\Schematics\07TT\schematic_data.json; frontend\public\brands\TapeTech\Schematics\EHC10\schematic_data.json; frontend\public\brands\TapeTech\Schematics\EHC12\schematic_data.json; frontend\public\brands\TapeTech\Schematics\PAHC07\schematic_data.json; frontend\public\brands\TapeTech\Schematics\PAHC10\schematic_data.json; frontend\public\brands\TapeTech\Schematics\PAHC12\schematic_data.json
screw 6-32 x 3/4 flat head,screw 6-32 x 3/4 flat head,screw,medium,2,Asgard; TapeTech,6,,asgard-power-assist-maxxbox-7-pa07-ad-sch; asgard-power-assist-maxxbox-10-pa10-ad-sch; asgard-power-assist-maxxbox-12-pa12-ad-sch; 1777936233843; 1777936233844; 1777936233845,"219093 - 6-32 X 3/4"" Flat Head Screw; 6-32 X 3/4 Fl Hd Slotted Sst",stainless,frontend\public\brands\Asgard\Schematics\FinishingBoxes\PA07-AD\schematic_data.json; frontend\public\brands\Asgard\Schematics\FinishingBoxes\PA10-AD\schematic_data.json; frontend\public\brands\Asgard\Schematics\FinishingBoxes\PA12-AD\schematic_data.json; frontend\public\brands\TapeTech\Schematics\PAHC07\schematic_data.json; frontend\public\brands\TapeTech\Schematics\PAHC10\schematic_data.json; frontend\public\brands\TapeTech\Schematics\PAHC12\schematic_data.json
screw 6-32 x 3/8 binder head,screw 6-32 x 3/8 binder head,screw,high,4,Asgard; Columbia; Level5; TapeTech,68,FA241,columbia-automatic-flat-finishing-box-sch; columbia-throttle-box-sch; columbia-fat-boy-finishing-box-sch; columbia-flat-finishing-box-sch; columbia-nail-spotter-sch; columbia-automatic-taper-predator-carbon-fiber-53-ptaper-predatortaper-head-sch; tapetech-tapetech-lock-block-for-07tt-050212f-sch; asgard-maxxbox-finishing-box-7-ehc07-ad-sch; asgard-10-inch-maxxbox-finishing-box-ehc10-ad-sch; asgard-maxxbox-finishing-box-12-ehc12-ad-sch; asgard-power-assist-maxxbox-7-pa07-ad-sch; asgard-power-assist-maxxbox-10-pa10-ad-sch; asgard-power-assist-maxxbox-12-pa12-ad-sch; asgard-brakeless-box-extendable-handle-38-60-bbhe-ad-sch; level5-7377-cover-plate-assembly-old-style; 1777935057956; 1777935057957; 1777936233843; 1777936233844; 1777936233845,"6 - 32 X 3/8"" Binder Slot; 6-32 x 3/8"" Binder Slot (FA241); Screw 6-32 X 3/8 Bind Hd.; 6-32 X 3/8 Bind Hd Screw - 059020; 6-32 x 3/8 Bind Head Screw",,products\Production\launch\dtb_parts_catalog.csv; products\Production\launch\dtb_schematics_parts_flattened.csv; products\Production\launch\extra\dtb_parts_manager_import_parts.csv; products\Production\launch\extra\dtb_parts_manager_import_schematic_map.csv; frontend\public\brands\Asgard\Schematics\FinishingBoxes\EHC07-AD\schematic_data.json; frontend\public\brands\Asgard\Schematics\FinishingBoxes\EHC10-AD\schematic_data.json; frontend\public\brands\Asgard\Schematics\FinishingBoxes\EHC12-AD\schematic_data.json; frontend\public\brands\Asgard\Schematics\FinishingBoxes\PA07-AD\schematic_data.json; frontend\public\brands\Asgard\Schematics\FinishingBoxes\PA10-AD\schematic_data.json; frontend\public\brands\Asgard\Schematics\FinishingBoxes\PA12-AD\schematic_data.json; frontend\public\brands\Asgard\Schematics\Handles\BBHE-AD\schematic_data.json; frontend\public\brands\Columbia\Schematics\AutomaticTapers\PredatorTaper\Head\schematic_data.json; frontend\public\brands\Columbia\Schematics\CornerBoxes\ThrottleBox\schematic_data.json; frontend\public\brands\Columbia\Schematics\FinishingBoxes\AutomaticFlatBox\schematic_data.json; frontend\public\brands\Columbia\Schematics\FinishingBoxes\FatBoyBox\schematic_data.json; frontend\public\brands\Columbia\Schematics\FinishingBoxes\FlatBox\schematic_data.json; frontend\public\brands\Columbia\Schematics\Nailspotters\Nailspotter\schematic_data.json; frontend\public\brands\Level5\Schematics\AutomaticTapers\Cover-Plate-Assembly\schematic_data.json; frontend\public\brands\TapeTech\Schematics\07TT\schematic_data.json; frontend\public\brands\TapeTech\Schematics\EHC10\schematic_data.json; frontend\public\brands\TapeTech\Schematics\EHC12\schematic_data.json; frontend\public\brands\TapeTech\Schematics\PAHC07\schematic_data.json; frontend\public\brands\TapeTech\Schematics\PAHC10\schematic_data.json; frontend\public\brands\TapeTech\Schematics\PAHC12\schematic_data.json
screw 6-32 x 3/8 fillister head,screw 6-32 x 3/8 fillister head,screw,medium,2,Asgard; TapeTech,20,,tapetech-tapetech-lock-block-for-07tt-050212f-sch; tapetech-90-inside-corner-edger-tapetech-20ttx-sch; tapetech-90-inside-corner-edger-tapetech-25ttx-sch; tapetech-90-inside-corner-edger-tapetech-30ttx-sch; tapetech-corner-applicator-sch; tapetech-corner-applicator-sch-2; tapetech-easyclean-nail-spotter-sch; tapetech-easyclean-nail-spotter-sch-2; tapetech-flat-box-handle-sch; asgard-ca08-ad-applicator-box-head-sch; asgard-finishing-box-7-ez07-ad-sch; asgard-power-assist-maxxbox-7-pa07-ad-sch; asgard-power-assist-maxxbox-10-pa10-ad-sch; asgard-power-assist-maxxbox-12-pa12-ad-sch; 1777935057955; 1777936233843; 1777936233844; 1777936233845,Screw 6-32 X 3/8 Fil. Hd. S.S.; #6-32 x 3/8 Fillister Head Screw; 6-32 X 3/8 FILLISTER SCREW SST; 6-32 X 3/8 Fillister Hd  - 059012,stainless,products\Production\launch\dtb_schematics_parts_flattened.csv; frontend\public\brands\Asgard\Schematics\AngleHeads\CA08-AD\schematic_data.json; frontend\public\brands\Asgard\Schematics\FinishingBoxes\EZ07-AD\schematic_data.json; frontend\public\brands\Asgard\Schematics\FinishingBoxes\PA07-AD\schematic_data.json; frontend\public\brands\Asgard\Schematics\FinishingBoxes\PA10-AD\schematic_data.json; frontend\public\brands\Asgard\Schematics\FinishingBoxes\PA12-AD\schematic_data.json; frontend\public\brands\TapeTech\Schematics\07TT\schematic_data.json; frontend\public\brands\TapeTech\Schematics\81XXTT\schematic_data.json; frontend\public\brands\TapeTech\Schematics\PAHC07\schematic_data.json; frontend\public\brands\TapeTech\Schematics\PAHC10\schematic_data.json; frontend\public\brands\TapeTech\Schematics\PAHC12\schematic_data.json
screw 6-32 x 5/8 socket head,screw 6-32 x 5/8 socket head,screw,medium,2,Asgard; Columbia,4,,columbia-matrix-box-handle-matrixboxhandle-lever-sch; asgard-angle-head-3-ah30-ad-sch,6-32 x 5/8 Socket Head Screw (FA376); 489029 - 6-32 X 5/8 Socket Hd Screw,,products\Production\launch\dtb_schematics_parts_flattened.csv; products\Production\launch\extra\dtb_parts_manager_import_schematic_map.csv; frontend\public\brands\Asgard\Schematics\AngleHeads\AH30-AD\schematic_data.json; frontend\public\brands\Columbia\Schematics\Handles\MatrixBoxHandle\Lever\schematic_data.json
screw 8-32 x 1/4 fillister head,screw 8-32 x 1/4 fillister head,screw,high,2,Columbia; TapeTech,9,FA257,columbia-180-grip-flat-box-handle-sch; tapetech-tapetech-lock-block-for-07tt-050212f-sch,"8 - 32 X 1/4"" Fillister Slot; 8-32 x ¼"" Fillister Slot (FA257); Screw 8-32 X 1/4 Fil. Hd. S.S",stainless,products\Production\launch\dtb_parts_catalog.csv; products\Production\launch\dtb_schematics_parts_flattened.csv; products\Production\launch\extra\dtb_parts_manager_import_parts.csv; products\Production\launch\extra\dtb_parts_manager_import_schematic_map.csv; frontend\public\brands\Columbia\Schematics\Handles\FlatBoxHandle\schematic_data.json; frontend\public\brands\TapeTech\Schematics\07TT\schematic_data.json
screw 8-32 x 3/16,screw 8-32 x 3/16,screw,medium,2,Columbia; Level5,25,,columbia-standard-flusher-sch; columbia-cam-lock-tube-sch; columbia-compound-tube-sch; columbia-one-handle-4-8-long-extendible-chxl-sch; columbia-matrix-box-handle-matrixboxhandle-boxhandle-sch; columbia-mud-pump-sch; level5-compound-pump-4-771,"8-32 x 3/16"" Pan Slot SS Screw (FA256); 8-32 x 3/16 BH Screw",stainless,products\Production\launch\dtb_schematics_parts_flattened.csv; products\Production\launch\extra\dtb_parts_manager_import_schematic_map.csv; frontend\public\brands\Columbia\Schematics\CompoundTubes\CamLockTube\schematic_data.json; frontend\public\brands\Columbia\Schematics\CompoundTubes\CompoundTube\schematic_data.json; frontend\public\brands\Columbia\Schematics\CornerFlushers\StandardCornerFlusher\schematic_data.json; frontend\public\brands\Columbia\Schematics\Handles\LongExtendableHandle\schematic_data.json; frontend\public\brands\Columbia\Schematics\Handles\MatrixBoxHandle\BoxHandle\schematic_data.json; frontend\public\brands\Columbia\Schematics\Pumps\MudPump\schematic_data.json; frontend\public\brands\Level5\Schematics\Pumps\Compound-Pump\schematic_data.json
screw 8-32 x 3/8,screw 8-32 x 3/8,screw,high,4,Columbia; Level5; Platinum; TapeTech,13,FA261,tapetech-flat-box-handle-sch; level5-10-inch-flat-box-4-765; level5-10-inch-mega-flat-box-4-768; level5-12-inch-flat-box-4-766; level5-12-inch-mega-box-4-769; level5-14-inch-flat-box-4-770; level5-7-inch-flat-box-4-764; level5-7-inch-mega-flat-box-4-767; platinum-flat-box; 1777935057955,"8 - 32 X 3/8"" Socket Screw; 8-32 X 3/8 Hex Socket Capscrew 18-8 S.S.; 8-32 X 3/8, BHC Screw",stainless,products\Production\launch\dtb_parts_catalog.csv; products\Production\launch\dtb_schematics_parts_flattened.csv; frontend\public\brands\Level5\Schematics\FinishingBoxes\10-inch-Flat-Box\schematic_data.json; frontend\public\brands\Level5\Schematics\FinishingBoxes\10-inch-Mega-Flat-Box\schematic_data.json; frontend\public\brands\Level5\Schematics\FinishingBoxes\12-inch-Flat-Box\schematic_data.json; frontend\public\brands\Level5\Schematics\FinishingBoxes\12-inch-Mega-Box\schematic_data.json; frontend\public\brands\Level5\Schematics\FinishingBoxes\14-inch-Flat-Box\schematic_data.json; frontend\public\brands\Level5\Schematics\FinishingBoxes\7-inch-Flat-Box\schematic_data.json; frontend\public\brands\Level5\Schematics\FinishingBoxes\7-inch-Mega-Flat-Box\schematic_data.json; frontend\public\brands\Platinum\Schematics\FinishingBoxes\FlatBox\schematic_data.json; frontend\public\brands\TapeTech\Schematics\81XXTT\schematic_data.json
screw 8-32 x 3/8 binder head,screw 8-32 x 3/8 binder head,screw,medium,2,Asgard; TapeTech,4,,tapetech-easyclean-nail-spotter-sch; tapetech-easyclean-nail-spotter-sch-2; asgard-loading-pump-lp01-ad-sch; asgard-nail-spotter-head-only-ns03-ad-sch,8-32X3/8 BIND HEAD SCREW; 729064 - 8-32 X 3/8 Bind Hd Sst Screw,stainless,products\Production\launch\dtb_schematics_parts_flattened.csv; frontend\public\brands\Asgard\Schematics\Pumps\LP01-AD\schematic_data.json; frontend\public\brands\Asgard\Schematics\Spotters\NS03-AD\schematic_data.json
screw 8-32 x 5/8 truss,screw 8-32 x 5/8 truss,screw,medium,2,Asgard; TapeTech,7,,tapetech-tapetech-lock-block-for-07tt-050212f-sch; asgard-extendable-finishing-box-handle-41-63-fbhe-ad-sch,Screw 8-32 X 5/8 Truss Hd. S.S; TapeTech 8-32 X 5/8 Truss Hd Screw (059127),stainless,products\Production\launch\dtb_schematics_parts_flattened.csv; frontend\public\brands\Asgard\Schematics\Handles\FBHE-AD\schematic_data.json; frontend\public\brands\TapeTech\Schematics\07TT\schematic_data.json
screw 8-32 x 6,screw 8-32 x 6,screw,medium,2,Level5; Platinum,2,,level5-4-734-3-5-corner-finisher; platinum-corner-finisher,CF Slotted Screw 8-32 x 6.35,,frontend\public\brands\Level5\Schematics\CornerFinishers\3.5-inch-Corner-Finisher\schematic_data.json; frontend\public\brands\Platinum\Schematics\CornerFinishers\CornerFinisher\schematic_data.json
set screw 1/4-28 x 1/4,set screw 1/4-28 x 1/4,set screw,high,2,Columbia; TapeTech,6,FA302,tapetech-flat-box-handle-sch; 1777935057955,"1/4 - 28 x 1/4"" Set Screw; Stscrew 1/4-28X1/4",,products\Production\launch\dtb_parts_catalog.csv; products\Production\launch\dtb_schematics_parts_flattened.csv; products\Production\launch\extra\dtb_parts_manager_import_parts.csv; frontend\public\brands\TapeTech\Schematics\81XXTT\schematic_data.json
set screw 4-40 x 1/8,set screw 4-40 x 1/8,set screw,high,2,Columbia; TapeTech,11,FAZ1S,columbia-automatic-taper-predator-carbon-fiber-53-ptaper-predatortaper-head-sch; tapetech-90-inside-corner-edger-tapetech-40tt-sch; tapetech-90-inside-corner-edger-tapetech-45tt-sch,Predator Taper 4 - 40 x 1/8 Set Screw; Predator Taper 4-40 x 1/8 Set Screw (FAZ1S); 4-40X1/8 SET SCREW,,products\Production\launch\dtb_parts_catalog.csv; products\Production\launch\dtb_schematics_parts_flattened.csv; products\Production\launch\extra\dtb_parts_manager_import_parts.csv; products\Production\launch\extra\dtb_parts_manager_import_schematic_map.csv; frontend\public\brands\Columbia\Schematics\AutomaticTapers\PredatorTaper\Head\schematic_data.json
set screw 6-32 x 1/8,set screw 6-32 x 1/8,set screw,high,2,Columbia; TapeTech,29,FA235; FAZ21S,columbia-angle-head-sch; columbia-cam-lock-tube-sch; columbia-compound-tube-sch; columbia-automatic-taper-predator-carbon-fiber-53-ptaper-predatortaper-head-sch; tapetech-90-inside-corner-edger-tapetech-42tt-sch; tapetech-90-inside-corner-edger-tapetech-48tt-sch,"6 - 32 X 1/8"" Set Screw; Predator Taper 6 - 32 x 1/8 Set Screw; 6-32 x 1/8 Set Screw (FA235); Predator Taper 6-32 x 1/8 Set Screw (FAZ21S); 6-32 X 1/8 Setscrew",,products\Production\launch\dtb_parts_catalog.csv; products\Production\launch\dtb_schematics_parts_flattened.csv; products\Production\launch\extra\dtb_parts_manager_import_parts.csv; products\Production\launch\extra\dtb_parts_manager_import_schematic_map.csv; frontend\public\brands\Columbia\Schematics\Angleheads\AngleHead\schematic_data.json; frontend\public\brands\Columbia\Schematics\AutomaticTapers\PredatorTaper\Head\schematic_data.json; frontend\public\brands\Columbia\Schematics\CompoundTubes\CamLockTube\schematic_data.json; frontend\public\brands\Columbia\Schematics\CompoundTubes\CompoundTube\schematic_data.json; frontend\public\brands\TapeTech\Schematics\42TT\schematic_data.json; frontend\public\brands\TapeTech\Schematics\48TT\schematic_data.json
set screw 8-32 x 1/4,set screw 8-32 x 1/4,set screw,high,3,Asgard; Columbia; TapeTech,15,FAZ5S,columbia-automatic-taper-predator-carbon-fiber-53-ptaper-predatortaper-head-sch; tapetech-corner-applicator-sch; tapetech-90-inside-corner-edger-tapetech-40tt-sch; tapetech-90-inside-corner-edger-tapetech-45tt-sch; tapetech-corner-applicator-sch-2; asgard-angle-head-2-5-ah25-ad-angleheads-ah25-ad-sch; asgard-angle-head-3-ah30-ad-sch; asgard-angle-head-3-5-ah35-ad-sch; asgard-ca08-ad-applicator-box-head-sch; asgard-hammer-automatic-taper-at01-ad-sch,Predator Taper 8 - 32 x 1/4 Set Screw; Predator Taper 8-32 x 1/4 Set Screw (FAZ5S); 8-32 X 1/4 SETSCREW 1/2 DOG SST; 059084 - 8-32 X 1/4 1/2 Dog Setscrew,stainless,products\Production\launch\dtb_parts_catalog.csv; products\Production\launch\dtb_schematics_parts_flattened.csv; products\Production\launch\extra\dtb_parts_manager_import_parts.csv; products\Production\launch\extra\dtb_parts_manager_import_schematic_map.csv; frontend\public\brands\Asgard\Schematics\AngleHeads\AH25-AD\schematic_data.json; frontend\public\brands\Asgard\Schematics\AngleHeads\AH30-AD\schematic_data.json; frontend\public\brands\Asgard\Schematics\AngleHeads\AH35-AD\schematic_data.json; frontend\public\brands\Asgard\Schematics\AngleHeads\CA08-AD\schematic_data.json; frontend\public\brands\Asgard\Schematics\Tapers\AT01-AD\schematic_data.json; frontend\public\brands\Columbia\Schematics\AutomaticTapers\PredatorTaper\Head\schematic_data.json
washer #10 brass,washer #10 brass,washer,medium,4,Asgard; Level5; Platinum; TapeTech,51,,tapetech-tapetech-lock-block-for-07tt-050212f-sch; tapetech-90-inside-corner-edger-tapetech-20ttx-sch; tapetech-90-inside-corner-edger-tapetech-25ttx-sch; tapetech-90-inside-corner-edger-tapetech-30ttx-sch; tapetech-easyclean-nail-spotter-sch; tapetech-easyclean-nail-spotter-sch-2; asgard-maxxbox-finishing-box-7-ehc07-ad-sch; asgard-maxxbox-finishing-box-12-ehc12-ad-sch; asgard-finishing-box-7-ez07-ad-sch; asgard-finishing-box-10-ez10-ad-sch; asgard-power-assist-maxxbox-7-pa07-ad-sch; asgard-power-assist-maxxbox-10-pa10-ad-sch; asgard-power-assist-maxxbox-12-pa12-ad-sch; asgard-nail-spotter-head-only-ns03-ad-sch; level5-9333-cutter-chain-assembly; level5-10-inch-flat-box-4-765; level5-10-inch-mega-flat-box-4-768; level5-12-inch-flat-box-4-766; level5-12-inch-mega-box-4-769; level5-14-inch-flat-box-4-770; ... +8,#10 Brass Washer; #10 BRASS WASHER; 209042 - #10 Brass Washer,brass,products\Production\launch\dtb_schematics_parts_flattened.csv; frontend\public\brands\Asgard\Schematics\FinishingBoxes\EHC07-AD\schematic_data.json; frontend\public\brands\Asgard\Schematics\FinishingBoxes\EHC12-AD\schematic_data.json; frontend\public\brands\Asgard\Schematics\FinishingBoxes\EZ07-AD\schematic_data.json; frontend\public\brands\Asgard\Schematics\FinishingBoxes\EZ10-AD\schematic_data.json; frontend\public\brands\Asgard\Schematics\FinishingBoxes\PA07-AD\schematic_data.json; frontend\public\brands\Asgard\Schematics\FinishingBoxes\PA10-AD\schematic_data.json; frontend\public\brands\Asgard\Schematics\FinishingBoxes\PA12-AD\schematic_data.json; frontend\public\brands\Asgard\Schematics\Spotters\NS03-AD\schematic_data.json; frontend\public\brands\Level5\Schematics\AutomaticTapers\Cutter-Chain-Assembly\schematic_data.json; frontend\public\brands\Level5\Schematics\FinishingBoxes\10-inch-Flat-Box\schematic_data.json; frontend\public\brands\Level5\Schematics\FinishingBoxes\10-inch-Mega-Flat-Box\schematic_data.json; frontend\public\brands\Level5\Schematics\FinishingBoxes\12-inch-Flat-Box\schematic_data.json; frontend\public\brands\Level5\Schematics\FinishingBoxes\12-inch-Mega-Box\schematic_data.json; frontend\public\brands\Level5\Schematics\FinishingBoxes\14-inch-Flat-Box\schematic_data.json; frontend\public\brands\Level5\Schematics\FinishingBoxes\7-inch-Flat-Box\schematic_data.json; frontend\public\brands\Level5\Schematics\FinishingBoxes\7-inch-Mega-Flat-Box\schematic_data.json; frontend\public\brands\Platinum\Schematics\FinishingBoxes\FlatBox\schematic_data.json; frontend\public\brands\TapeTech\Schematics\07TT\schematic_data.json; frontend\public\brands\TapeTech\Schematics\EHC10\schematic_data.json; frontend\public\brands\TapeTech\Schematics\EHC12\schematic_data.json; frontend\public\brands\TapeTech\Schematics\PAHC07\schematic_data.json; frontend\public\brands\TapeTech\Schematics\PAHC10\schematic_data.json; frontend\public\brands\TapeTech\Schematics\PAHC12\schematic_data.json
washer #10 flat,washer #10 flat,washer,medium,2,Columbia; TapeTech,34,FA268,columbia-180-grip-flat-box-handle-sch; columbia-automatic-flat-finishing-box-sch; columbia-closet-monster-handle-sch; columbia-fat-boy-finishing-box-sch; columbia-flat-finishing-box-sch; columbia-nail-spotter-sch; tapetech-90-inside-corner-edger-tapetech-17tt-sch; 1776147101640,"#10 Flat Washer; #10 Flat Washer (FA268); #10 Flat Washer, 18-8 S.S.",stainless,products\Production\launch\dtb_parts_catalog.csv; products\Production\launch\dtb_schematics_parts_flattened.csv; products\Production\launch\extra\dtb_parts_manager_import_parts.csv; products\Production\launch\extra\dtb_parts_manager_import_schematic_map.csv; frontend\public\brands\Columbia\Schematics\FinishingBoxes\AutomaticFlatBox\schematic_data.json; frontend\public\brands\Columbia\Schematics\FinishingBoxes\FatBoyBox\schematic_data.json; frontend\public\brands\Columbia\Schematics\FinishingBoxes\FlatBox\schematic_data.json; frontend\public\brands\Columbia\Schematics\Handles\ClosetMonster\schematic_data.json; frontend\public\brands\Columbia\Schematics\Handles\FlatBoxHandle\schematic_data.json; frontend\public\brands\Columbia\Schematics\Nailspotters\Nailspotter\schematic_data.json; frontend\public\brands\TapeTech\Schematics\17TT\schematic_data.json
washer #10 lock,washer #10 lock,washer,medium,2,Asgard; TapeTech,5,,tapetech-90-inside-corner-edger-tapetech-17tt-sch; tapetech-easyclean-nail-spotter-sch; tapetech-easyclean-nail-spotter-sch-2; asgard-nail-spotter-head-only-ns03-ad-sch; 1776147101640,#10 Medium Lockwasher 18-8 S.S.; #10 LOCKWASHER (REPAIR ONLY); 709050 - #10 Lockwasher,stainless,products\Production\launch\dtb_schematics_parts_flattened.csv; frontend\public\brands\Asgard\Schematics\Spotters\NS03-AD\schematic_data.json; frontend\public\brands\TapeTech\Schematics\17TT\schematic_data.json
washer #14 brass,washer #14 brass,washer,medium,4,Asgard; Level5; Platinum; TapeTech,26,,tapetech-tapetech-lock-block-for-07tt-050212f-sch; tapetech-90-inside-corner-edger-tapetech-20ttx-sch; tapetech-90-inside-corner-edger-tapetech-25ttx-sch; tapetech-90-inside-corner-edger-tapetech-30ttx-sch; asgard-maxxbox-finishing-box-7-ehc07-ad-sch; asgard-10-inch-maxxbox-finishing-box-ehc10-ad-sch; asgard-maxxbox-finishing-box-12-ehc12-ad-sch; asgard-finishing-box-7-ez07-ad-sch; asgard-finishing-box-12-ez12-ad-sch; asgard-power-assist-maxxbox-10-pa10-ad-sch; asgard-hammer-automatic-taper-at01-ad-sch; level5-corner-roller-4-707; level5-10-inch-flat-box-4-765; level5-10-inch-mega-flat-box-4-768; level5-12-inch-flat-box-4-766; level5-12-inch-mega-box-4-769; level5-14-inch-flat-box-4-770; level5-7-inch-flat-box-4-764; level5-7-inch-mega-flat-box-4-767; platinum-flat-box; ... +5,Washer:#14 Brass; #14 Brass Washer; 809006 - #14 S Brass Washer,brass,products\Production\launch\dtb_schematics_parts_flattened.csv; frontend\public\brands\Asgard\Schematics\FinishingBoxes\EHC07-AD\schematic_data.json; frontend\public\brands\Asgard\Schematics\FinishingBoxes\EHC10-AD\schematic_data.json; frontend\public\brands\Asgard\Schematics\FinishingBoxes\EHC12-AD\schematic_data.json; frontend\public\brands\Asgard\Schematics\FinishingBoxes\EZ07-AD\schematic_data.json; frontend\public\brands\Asgard\Schematics\FinishingBoxes\EZ12-AD\schematic_data.json; frontend\public\brands\Asgard\Schematics\FinishingBoxes\PA10-AD\schematic_data.json; frontend\public\brands\Asgard\Schematics\Tapers\AT01-AD\schematic_data.json; frontend\public\brands\Level5\Schematics\CornerRollers\Corner-Roller\schematic_data.json; frontend\public\brands\Level5\Schematics\FinishingBoxes\10-inch-Flat-Box\schematic_data.json; frontend\public\brands\Level5\Schematics\FinishingBoxes\10-inch-Mega-Flat-Box\schematic_data.json; frontend\public\brands\Level5\Schematics\FinishingBoxes\12-inch-Flat-Box\schematic_data.json; frontend\public\brands\Level5\Schematics\FinishingBoxes\12-inch-Mega-Box\schematic_data.json; frontend\public\brands\Level5\Schematics\FinishingBoxes\14-inch-Flat-Box\schematic_data.json; frontend\public\brands\Level5\Schematics\FinishingBoxes\7-inch-Flat-Box\schematic_data.json; frontend\public\brands\Level5\Schematics\FinishingBoxes\7-inch-Mega-Flat-Box\schematic_data.json; frontend\public\brands\Platinum\Schematics\FinishingBoxes\FlatBox\schematic_data.json; frontend\public\brands\TapeTech\Schematics\07TT\schematic_data.json; frontend\public\brands\TapeTech\Schematics\EHC10\schematic_data.json; frontend\public\brands\TapeTech\Schematics\EHC12\schematic_data.json; frontend\public\brands\TapeTech\Schematics\PAHC07\schematic_data.json; frontend\public\brands\TapeTech\Schematics\PAHC10\schematic_data.json; frontend\public\brands\TapeTech\Schematics\PAHC12\schematic_data.json
washer #4 lock,washer #4 lock,washer,high,3,Asgard; Level5; TapeTech,8,059038,asgard-maxxbox-finishing-box-7-ehc07-ad-sch; asgard-maxxbox-finishing-box-12-ehc12-ad-sch; asgard-power-assist-maxxbox-7-pa07-ad-sch; asgard-power-assist-maxxbox-10-pa10-ad-sch; asgard-power-assist-maxxbox-12-pa12-ad-sch; level5-7293-gooser-assembly,#4 TapeTech Medium Spring Lockwasher; 059038 - Lock Washer #4; #4 Lock Washer,,products\Production\launch\dtb_parts_catalog.csv; products\Production\launch\extra\dtb_parts_manager_import_parts.csv; frontend\public\brands\Asgard\Schematics\FinishingBoxes\EHC07-AD\schematic_data.json; frontend\public\brands\Asgard\Schematics\FinishingBoxes\EHC12-AD\schematic_data.json; frontend\public\brands\Asgard\Schematics\FinishingBoxes\PA07-AD\schematic_data.json; frontend\public\brands\Asgard\Schematics\FinishingBoxes\PA10-AD\schematic_data.json; frontend\public\brands\Asgard\Schematics\FinishingBoxes\PA12-AD\schematic_data.json; frontend\public\brands\Level5\Schematics\AutomaticTapers\Gooser-Assembly\schematic_data.json
washer #6 flat,washer #6 flat,washer,high,3,Asgard; Columbia; TapeTech,40,FA228,columbia-angle-head-sch; columbia-throttle-box-sch; columbia-flat-finishing-box-sch; columbia-nail-spotter-sch; columbia-automatic-taper-predator-carbon-fiber-53-ptaper-predatortaper-head-sch; tapetech-90-inside-corner-edger-tapetech-20ttx-sch; tapetech-90-inside-corner-edger-tapetech-25ttx-sch; tapetech-90-inside-corner-edger-tapetech-30ttx-sch; tapetech-90-inside-corner-edger-tapetech-48tt-sch; asgard-angle-head-3-ah30-ad-sch; asgard-angle-head-3-5-ah35-ad-sch; asgard-maxxbox-finishing-box-7-ehc07-ad-sch; asgard-10-inch-maxxbox-finishing-box-ehc10-ad-sch; asgard-maxxbox-finishing-box-12-ehc12-ad-sch; asgard-power-assist-maxxbox-10-pa10-ad-sch; asgard-power-assist-maxxbox-12-pa12-ad-sch; 1777935057956; 1777935057957; 1777936233843; 1777936233844; ... +2,"#6 Flat Washer; #6 Flat Washer (FA228); Flat Washer, #6 S.S.; 489023 - #6 SS Flat Washer",stainless,products\Production\launch\dtb_parts_catalog.csv; products\Production\launch\dtb_schematics_parts_flattened.csv; products\Production\launch\extra\dtb_parts_manager_import_parts.csv; products\Production\launch\extra\dtb_parts_manager_import_schematic_map.csv; frontend\public\brands\Asgard\Schematics\AngleHeads\AH30-AD\schematic_data.json; frontend\public\brands\Asgard\Schematics\AngleHeads\AH35-AD\schematic_data.json; frontend\public\brands\Asgard\Schematics\FinishingBoxes\EHC07-AD\schematic_data.json; frontend\public\brands\Asgard\Schematics\FinishingBoxes\EHC10-AD\schematic_data.json; frontend\public\brands\Asgard\Schematics\FinishingBoxes\EHC12-AD\schematic_data.json; frontend\public\brands\Asgard\Schematics\FinishingBoxes\PA10-AD\schematic_data.json; frontend\public\brands\Asgard\Schematics\FinishingBoxes\PA12-AD\schematic_data.json; frontend\public\brands\Columbia\Schematics\Angleheads\AngleHead\schematic_data.json; frontend\public\brands\Columbia\Schematics\AutomaticTapers\PredatorTaper\Head\schematic_data.json; frontend\public\brands\Columbia\Schematics\CornerBoxes\ThrottleBox\schematic_data.json; frontend\public\brands\Columbia\Schematics\FinishingBoxes\FlatBox\schematic_data.json; frontend\public\brands\Columbia\Schematics\Nailspotters\Nailspotter\schematic_data.json; frontend\public\brands\TapeTech\Schematics\48TT\schematic_data.json; frontend\public\brands\TapeTech\Schematics\EHC10\schematic_data.json; frontend\public\brands\TapeTech\Schematics\EHC12\schematic_data.json; frontend\public\brands\TapeTech\Schematics\PAHC07\schematic_data.json; frontend\public\brands\TapeTech\Schematics\PAHC10\schematic_data.json; frontend\public\brands\TapeTech\Schematics\PAHC12\schematic_data.json; frontend\public\brands\TapeTech\Schematics\QB06-QSX\schematic_data.json
washer #6 lock,washer #6 lock,washer,high,4,Asgard; Columbia; Level5; TapeTech,44,FA229,columbia-matrix-box-handle-matrixboxhandle-extensionhousing-sch; columbia-matrix-box-handle-matrixboxhandle-boxhandle-sch; tapetech-tapetech-lock-block-for-07tt-050212f-sch; asgard-maxxbox-finishing-box-7-ehc07-ad-sch; asgard-10-inch-maxxbox-finishing-box-ehc10-ad-sch; asgard-maxxbox-finishing-box-12-ehc12-ad-sch; asgard-power-assist-maxxbox-7-pa07-ad-sch; asgard-power-assist-maxxbox-10-pa10-ad-sch; asgard-power-assist-maxxbox-12-pa12-ad-sch; level5-7377-cover-plate-assembly-old-style; 1777935057956; 1777935057957; 1777936233843; 1777936233844; 1777936233845,"#6 Lock Washer; #6 Lock Washer (FA229); Lockwasher, #6 Medium Spring; #6 Med. Spring Lockwasher - 059016; #6 Lockwasher Medium",,products\Production\launch\dtb_parts_catalog.csv; products\Production\launch\dtb_schematics_parts_flattened.csv; products\Production\launch\extra\dtb_parts_manager_import_parts.csv; products\Production\launch\extra\dtb_parts_manager_import_schematic_map.csv; frontend\public\brands\Asgard\Schematics\FinishingBoxes\EHC07-AD\schematic_data.json; frontend\public\brands\Asgard\Schematics\FinishingBoxes\EHC10-AD\schematic_data.json; frontend\public\brands\Asgard\Schematics\FinishingBoxes\EHC12-AD\schematic_data.json; frontend\public\brands\Asgard\Schematics\FinishingBoxes\PA07-AD\schematic_data.json; frontend\public\brands\Asgard\Schematics\FinishingBoxes\PA10-AD\schematic_data.json; frontend\public\brands\Asgard\Schematics\FinishingBoxes\PA12-AD\schematic_data.json; frontend\public\brands\Columbia\Schematics\Handles\MatrixBoxHandle\BoxHandle\schematic_data.json; frontend\public\brands\Columbia\Schematics\Handles\MatrixBoxHandle\ExtensionHousing\schematic_data.json; frontend\public\brands\Level5\Schematics\AutomaticTapers\Cover-Plate-Assembly\schematic_data.json; frontend\public\brands\TapeTech\Schematics\07TT\schematic_data.json; frontend\public\brands\TapeTech\Schematics\EHC10\schematic_data.json; frontend\public\brands\TapeTech\Schematics\EHC12\schematic_data.json; frontend\public\brands\TapeTech\Schematics\PAHC07\schematic_data.json; frontend\public\brands\TapeTech\Schematics\PAHC10\schematic_data.json; frontend\public\brands\TapeTech\Schematics\PAHC12\schematic_data.json
washer #8 lock,washer #8 lock,washer,high,3,Asgard; Columbia; TapeTech,12,FA28,columbia-corner-cobra-sch; tapetech-easyclean-nail-spotter-sch; tapetech-easyclean-nail-spotter-sch-2; tapetech-flat-box-handle-sch; asgard-nail-spotter-head-only-ns03-ad-sch; 1777935057955,"#8 Lock Washer; #8 Lock Washer (FA28); #8 LOCKWASHER; #8 Reg. Spring Helical Lockwasher, Sst.; 809017 - #8 Medium Spring Lockwasher",stainless,products\Production\launch\dtb_parts_catalog.csv; products\Production\launch\dtb_schematics_parts_flattened.csv; products\Production\launch\extra\dtb_parts_manager_import_parts.csv; products\Production\launch\extra\dtb_parts_manager_import_schematic_map.csv; frontend\public\brands\Asgard\Schematics\Spotters\NS03-AD\schematic_data.json; frontend\public\brands\Columbia\Schematics\CornerRollers\CornerCobra\schematic_data.json; frontend\public\brands\TapeTech\Schematics\81XXTT\schematic_data.json
washer 5/16 flat,washer 5/16 flat,washer,medium,2,Columbia; TapeTech,9,FA303; FA304,columbia-mud-pump-sch-2; tapetech-90-inside-corner-edger-tapetech-17tt-sch; 1776147101640,5 - 16 Flat Washer; 5/16 Flat Washer; 5/16 Flat Washer (FA-304),,products\Production\launch\dtb_parts_catalog.csv; products\Production\launch\dtb_schematics_parts_flattened.csv; products\Production\launch\extra\dtb_parts_manager_import_parts.csv; products\Production\launch\extra\dtb_parts_manager_import_schematic_map.csv; frontend\public\brands\Columbia\Schematics\Pumps\TallBoyMudPump\schematic_data.json; frontend\public\brands\TapeTech\Schematics\17TT\schematic_data.json
