"brand","sku","name","category","cost","price"
"Columbia Tools","3BH","Columbia 180° Grip Flat Box Handle - 3'","Flat Box Handles","125.28","174.00"
"Columbia Tools","42BH","Columbia 180° Grip Flat Box Handle - 42""","Flat Box Handles","126.00","175.00"
"Columbia Tools","4BH","Columbia 180° Grip Flat Box Handle - 4'","Flat Box Handles","126.72","176.00"
"Columbia Tools","5BH","Columbia 180° Grip Flat Box Handle - 5'","Flat Box Handles","127.44","177.00"
"Columbia Tools","6BH","Columbia 180° Grip Flat Box Handle - 6'","Flat Box Handles","128.16","178.00"
"Columbia Tools","2AH","Columbia Angle Head - 2""","Angle Heads","257.76","358.00"
"Columbia Tools","2.5AH","Columbia Angle Head - 2.5""","Angle Heads","0.00","421.79"
"Columbia Tools","3AH","Columbia Angle Head - 3""","Angle Heads","264.24","367.00"
"Columbia Tools","3.5AH","Columbia Angle Head - 3.5""","Angle Heads","0.00","454.23"
"Columbia Tools","AHA","Columbia Angle Head Adapter","Angle Heads","0.00","24.87"
"Columbia Tools","8FBBA","Columbia Automatic Fat Boy Box - 8""","Automatic Flat Boxes","310.32","431.00"
"Columbia Tools","10FBBA","Columbia Automatic Fat Boy Box - 10""","Automatic Flat Boxes","313.20","435.00"
"Columbia Tools","12FBBA","Columbia Automatic Fat Boy Box - 12""","Automatic Flat Boxes","318.96","443.00"
"Columbia Tools","8FFBA","Columbia Automatic Flat Box - 8""","Automatic Flat Boxes","285.84","397.00"
"Columbia Tools","10FFBA","Columbia Automatic Flat Box - 10""","Automatic Flat Boxes","288.72","401.00"
"Columbia Tools","12FFBA","Columbia Automatic Flat Box - 12""","Automatic Flat Boxes","291.60","405.00"
"Columbia Tools","14FFBA","Columbia Automatic Flat Box - 14""","Automatic Flat Boxes","294.48","409.00"
"Columbia Tools","TAPER","Columbia Automatic Taper - Standard 53""","Automatic Tapers","1211.76","1683.00"
"Columbia Tools","PTAPER","Columbia Automatic Taper - Predator Carbon Fiber 53""","Automatic Tapers","0.00","1838.55"
"Columbia Tools","STAPER","Columbia Automatic Taper - Sawed Off 39""","Automatic Tapers","1211.76","1683.00"
"Columbia Tools","SPTAPER","Columbia Automatic Taper - Predator Sawed Off Carbon Fiber 39""","Automatic Tapers","1365.12","1896.00"
"Columbia Tools","ICATW","Columbia Billet Mud Applicator - Two-Way Internal Corner - 4 Wheels","Mud Applicators","59.76","83.00"
"Columbia Tools","ICA2-1","Columbia Billet Mud Applicator - Inside Corner - 2 Wheels - 1""","Mud Applicators","35.28","49.00"
"Columbia Tools","ICA4-1","Columbia Billet Mud Applicator - Inside Corner - 4 Wheels - 1""","Mud Applicators","45.36","63.00"
"Columbia Tools","CEXT90","Columbia Billet Mud Applicator - External 90","Mud Applicators","70.56","98.00"
"Columbia Tools","CFLT","Columbia Billet Mud Applicator - Flat","Mud Applicators","43.20","60.00"
"Columbia Tools","BF","Columbia Box Filler - Standard","Pumps & Adapters","37.44","52.00"
"Columbia Tools","TBBF","Columbia Box Filler - Tall Boy","Pumps & Adapters","37.44","52.00"
"Columbia Tools","CLT24","Columbia Cam Lock Tube - 24""","Semi-Automatic Tools","169.92","236.00"
"Columbia Tools","CLT32","Columbia Cam Lock Tube - 32""","Semi-Automatic Tools","174.24","242.00"
"Columbia Tools","CLT42","Columbia Cam Lock Tube - 42""","Semi-Automatic Tools","184.32","256.00"
"Columbia Tools","CLT55","Columbia Cam Lock Tube - 55""","Semi-Automatic Tools","158.40","220.00"
"Columbia Tools","CMH","Columbia Closet Monster Handle","Flat Box Handles","82.80","115.00"
"Columbia Tools","2.5CSF","Columbia Combo Flusher - 2.5""","Corner Flushers","0.00","163.99"
"Columbia Tools","3CSF","Columbia Combo Flusher - 3""","Corner Flushers","108.00","150.00"
"Columbia Tools","3WTCSF","Columbia Combo Flusher - 3"" Widetrack","Corner Flushers","0.00",""
"Columbia Tools","3.5CSF","Columbia Combo Flusher - 3.5""","Corner Flushers","0.00","181.99"
"Columbia Tools","CMT24","Columbia Compound Tube - 24""","Semi-Automatic Tools","113.76","158.00"
"Columbia Tools","CMT32","Columbia Compound Tube - 32""","Semi-Automatic Tools","120.24","167.00"
"Columbia Tools","CMT42","Columbia Compound Tube - 42""","Semi-Automatic Tools","131.04","182.00"
"Columbia Tools","CMT55","Columbia Compound Tube - 55""","Semi-Automatic Tools","136.80","190.00"
"Columbia Tools","CC","Columbia Corner Cobra","Corner Rollers","288.72","401.00"
"Columbia Tools","CR","Columbia Corner Roller","Corner Rollers","101.52","141.00"
"Columbia Tools","2.5DF","Columbia Direct Flusher - 2.5""","Corner Flushers","0.00","127.62"
"Columbia Tools","3DF","Columbia Direct Flusher - 3""","Corner Flushers","70.56","98.00"
"Columbia Tools","3WTDF","Columbia Direct Flusher - 3"" Widetrack","Corner Flushers","72.72","101.00"
"Columbia Tools","3.5DF","Columbia Direct Flusher - 3.5""","Corner Flushers","0.00","146.00"
"Columbia Tools","4DF","Columbia Direct Flusher - 4""","Corner Flushers","77.76","108.00"
"Columbia Tools","5.5FBB","Columbia Fat Boy Flat Box - 5.5""","Flat Boxes","0.00","189.95"
"Columbia Tools","8FBB","Columbia Fat Boy Flat Box - 8""","Flat Boxes","0.00","443.42"
"Columbia Tools","10FBB","Columbia Fat Boy Flat Box - 10""","Flat Boxes","0.00","454.23"
"Columbia Tools","12FBB","Columbia Fat Boy Flat Box - 12""","Flat Boxes","0.00","465.05"
"Columbia Tools","5.5FFB","Columbia Flat Finisher Box - 5.5""","Flat Boxes","0.00","367.71"
"Columbia Tools","7FFB","Columbia Flat Finisher Box - 7""","Flat Boxes","264.24","367.00"
"Columbia Tools","8FFB","Columbia Flat Finisher Box - 8""","Flat Boxes","267.12","371.00"
"Columbia Tools","10FFB","Columbia Flat Finisher Box - 10""","Flat Boxes","270.00","375.00"
"Columbia Tools","12FFB","Columbia Flat Finisher Box - 12""","Flat Boxes","273.60","380.00"
"Columbia Tools","14FFB","Columbia Flat Finisher Box - 14""","Flat Boxes","276.48","384.00"
"Columbia Tools","GN","Columbia Gooseneck - Standard","Pumps & Adapters","61.92","86.00"
"Columbia Tools","TBGN","Columbia Gooseneck - Tall Boy","Pumps & Adapters","89.28","124.00"
"Columbia Tools","HMP","Columbia Hot Mud Pump - Standard","Pumps & Adapters","261.36","363.00"
"Columbia Tools","TBMP","Columbia Hot Mud Pump - Tall Boy","Pumps & Adapters","340.56","473.00"
"Columbia Tools","HMP-C","Columbia Hot Mud Pump - CDN","Pumps & Adapters","0.00",""
"Columbia Tools","MHS","Columbia Matrix Flat Box Handle - 29""-39""","Flat Box Handles","270.00","375.00"
"Columbia Tools","MH","Columbia Matrix Flat Box Handle - 40""-60""","Flat Box Handles","294.48","409.00"
"Columbia Tools","MHL","Columbia Matrix Flat Box Handle - 56""-76""","Flat Box Handles","356.40","495.00"
"Columbia Tools","FMR3X18MM","Columbia Mud Roller Replacement - 80 mm / 3""","Corner Rollers","11.52","16.00"
"Columbia Tools","FMR9X18MM","Columbia Mud Roller Replacement - 220 mm / 9""","Corner Rollers","12.24","17.00"
"Columbia Tools","2NS","Columbia Nail Spotter - 2""","Nail Spotters","233.28","324.00"
"Columbia Tools","3NS","Columbia Nail Spotter - 3""","Nail Spotters","233.28","324.00"
"Columbia Tools","C1H","Columbia One Handle - Fixed","Handles & Extensions","25.20","35.00"
"Columbia Tools","C1HEXT","Columbia One Handle - Extendible 3'-5'","Handles & Extensions","92.16","128.00"
"Columbia Tools","CHXL","Columbia One Handle - Long Extendible 4'-8'","Handles & Extensions","108.00","150.00"
"Columbia Tools","C1HS","Columbia One Handle - Stubby","Handles & Extensions","28.80","40.00"
"Columbia Tools","COBCR","Columbia Outside Corner Roller - Standard","Corner Rollers","43.20","60.00"
"Columbia Tools","CBNCR","Columbia Outside Corner Roller - Bullnose","Corner Rollers","46.08","64.00"
"Columbia Tools","COBCRE","Columbia Outside Corner Roller - European","Corner Rollers","0.00",""
"Columbia Tools","COBCRW","Columbia Outside Corner Roller - Wide","Corner Rollers","0.00","86.52"
"Columbia Tools","PDDM","Columbia Phantom DDM Sander","Sanders","0.00","407.00"
"Columbia Tools","PCLT42","Columbia Predator Camlock Tube 42""","Predator Carbon Fiber Tools","208.80","290.00"
"Columbia Tools","PCMT42","Columbia Predator Compound Tube 42""","Predator Carbon Fiber Tools","156.24","217.00"
"Columbia Tools","PMHS","Columbia Predator Matrix Handle - Short 29""-39""","Predator Carbon Fiber Tools","276.48","384.00"
"Columbia Tools","PMH","Columbia Predator Matrix Handle - 40""-60""","Predator Carbon Fiber Tools","300.96","418.00"
"Columbia Tools","PMHL","Columbia Predator Matrix Handle - Long 56""-76""","Predator Carbon Fiber Tools","362.16","503.00"
"Columbia Tools","PHMP","Columbia Predator Mud Pump","Predator Carbon Fiber Tools","270.72","376.00"
"Columbia Tools","PC1H","Columbia Predator One Handle - 4' Fixed","Predator Carbon Fiber Tools","44.64","62.00"
"Columbia Tools","PC1HEXT","Columbia Predator One Handle - Extendable 3'-5'","Predator Carbon Fiber Tools","99.36","138.00"
"Columbia Tools","PCHXL","Columbia Predator One Handle - Long Extendable 4'-8'","Predator Carbon Fiber Tools","120.96","168.00"
"Columbia Tools","SAT","Columbia Semi Automatic Taper","Semi-Automatic Tools","138.24","192.00"
"Columbia Tools","2.5SF","Columbia Standard Flusher - 2.5""","Corner Flushers","0.00","116.80"
"Columbia Tools","3SF","Columbia Standard Flusher - 3""","Corner Flushers","66.24","92.00"
"Columbia Tools","3WTSF","Columbia Standard Flusher - 3"" Widetrack","Corner Flushers","66.96","93.00"
"Columbia Tools","3.5SF","Columbia Standard Flusher - 3.5""","Corner Flushers","0.00","133.02"
"Columbia Tools","4SF","Columbia Standard Flusher - 4""","Corner Flushers","75.60","105.00"
"Columbia Tools","7CFB","Columbia Throttle Corner Flusher Box - 7""","Throttle Boxes","215.28","299.00"
"Columbia Tools","8CFB","Columbia Throttle Corner Flusher Box - 8""","Throttle Boxes","223.92","311.00"
"Columbia Tools","TSB-7","Columbia Tomahawk Smoothing Blade - 7""","Smoothing Blades","36.00","50.00"
"Columbia Tools","TSB-10","Columbia Tomahawk Smoothing Blade - 10""","Smoothing Blades","0.00","56.24"
"Columbia Tools","TSB-12","Columbia Tomahawk Smoothing Blade - 12""","Smoothing Blades","50.40","70.00"
"Columbia Tools","TSB-14","Columbia Tomahawk Smoothing Blade - 14""","Smoothing Blades","54.72","76.00"
"Columbia Tools","TSB-18","Columbia Tomahawk Smoothing Blade - 18""","Smoothing Blades","65.52","91.00"
"Columbia Tools","TSB-24","Columbia Tomahawk Smoothing Blade - 24""","Smoothing Blades","79.20","110.00"
"Columbia Tools","TSB-32","Columbia Tomahawk Smoothing Blade - 32""","Smoothing Blades","97.92","136.00"
"Columbia Tools","TSB-40","Columbia Tomahawk Smoothing Blade - 40""","Smoothing Blades","120.96","168.00"
"Columbia Tools","TSB-48","Columbia Tomahawk Smoothing Blade - 48""","Smoothing Blades","159.12","221.00"
"Columbia Tools","CLTHA","Columbia Tomalock Adapter","Smoothing Blades","67.68","94.00"
"Columbia Tools","TCS","Columbia Tool Case - Gun Case","Tool Cases","0.00","175.00"
"Columbia Tools","RC","Columbia Tool Case - Road Case","Tool Cases","0.00","1020.16"
"Columbia Tools","TS","Columbia Tool Set - Tactical Set","Tool Sets & Kits","3913.20","5435.00"
"Columbia Tools","PTS","Columbia Tool Set - Predator Tactical Set","Tool Sets & Kits","4219.92","5861.00"
"Columbia Tools","SACS","Columbia Tool Set - Commando Set","Tool Sets & Kits","661.68","919.00"
"Columbia Tools","TWS","Columbia Tool Set - Warrior Set","Tool Sets & Kits","477.36","663.00"
"Columbia Tools","TL-3-8","Columbia Twist Lock Handle w PHA","Sanders","0.00","72.00"
"Columbia Tools","FMH","Columbia UHMW Mud Applicator - L-Trim","Mud Applicators","70.56","98.00"
"Columbia Tools","IA90","Columbia UHMW Mud Applicator - Inside 90°","Mud Applicators","70.56","98.00"
"Columbia Tools","OA90","Columbia UHMW Mud Applicator - Outside 90°","Mud Applicators","70.56","98.00"
"Columbia Tools","OA90-325","Columbia UHMW Mud Applicator - Outside 90° 325","Mud Applicators","0.00",""
"Platinum Drywall Tools","PT-FA","Platinum 4"" Flat Applicator","Corner Tools","42.48","59.0"
"Platinum Drywall Tools","PT-CFH50","Platinum 50"" Angle Head Handle","Handles & Extensions","35.28","49.0"
"Platinum Drywall Tools","PT-CAH50","Platinum 50"" Corner Box Handle","Handles & Extensions","35.28","49.0"
"Platinum Drywall Tools","PT-CRH50","Platinum 50"" Corner Roller Handle","Handles & Extensions","42.48","59.0"
"Platinum Drywall Tools","PT-CA8","Platinum 8"" Corner Applicator","Corner Tools","114.48","159.0"
"Platinum Drywall Tools","PT-CF2.5","Platinum Angle Head Corner Finisher with Wheels - 2.5""","Corner Tools","172.08","239.00"
"Platinum Drywall Tools","PT-3CF","Platinum Angle Head Corner Finisher with Wheels - 3""","Corner Tools","179.28","249.00"
"Platinum Drywall Tools","PT-CF3.5","Platinum Angle Head Corner Finisher with Wheels - 3.5""","Corner Tools","186.48","259.00"
"Platinum Drywall Tools","PT-BF","Platinum Box Filler Attachment","Mud Pans & Pumps","35.28","49.0"
"Platinum Drywall Tools","PT-CT24","Platinum Compound Tube - 24""","Corner Tools","108.00","150.00"
"Platinum Drywall Tools","PT-CT36","Platinum Compound Tube - 36""","Corner Tools","111.60","155.00"
"Platinum Drywall Tools","PT-CT42","Platinum Compound Tube - 42""","Corner Tools","115.20","160.00"
"Platinum Drywall Tools","PT-CP","Platinum Drywall Pump w/Filler","Mud Pans & Pumps","193.68","269.0"
"Platinum Drywall Tools","PT-FIN","Platinum Drywall Starter Finishing Set","Tool Sets & Kits","1007.28","1399.0"
"Platinum Drywall Tools","PT-CRE","Platinum ECO Inside Corner Roller","Corner Tools","42.48","59.0"
"Platinum Drywall Tools","PT-EXT3IN11","Platinum Extendable Angle Head Handle","Handles & Extensions","54.00","75.0"
"Platinum Drywall Tools","PT-EBH","Platinum Extendable Flat Box Handle 40"" – 64""","Handles & Extensions","121.68","169.0"
"Platinum Drywall Tools","PT-BH34","Platinum Flat Box Handle - 34""","Handles & Extensions","64.80","90.00"
"Platinum Drywall Tools","PT-BH42","Platinum Flat Box Handle - 42""","Handles & Extensions","68.40","95.00"
"Platinum Drywall Tools","PT-BH54","Platinum Flat Box Handle - 54""","Handles & Extensions","72.00","100.00"
"Platinum Drywall Tools","PT-8FB","Platinum Flat Finishing Box - 8""","Finishing Boxes","133.20","185.00"
"Platinum Drywall Tools","PT-10FB","Platinum Flat Finishing Box - 10""","Finishing Boxes","140.40","195.00"
"Platinum Drywall Tools","PT-FB12","Platinum Flat Finishing Box - 12""","Finishing Boxes","147.60","205.00"
"Platinum Drywall Tools","PT-14FB","Platinum Flat Finishing Box - 14""","Finishing Boxes","154.80","215.00"
"Platinum Drywall Tools","PT-ICA","Platinum Inside 90 Degree Applicator","Corner Tools","42.48","59.0"
"Platinum Drywall Tools","PT-CR","Platinum Inside Corner Roller","Corner Tools","57.59","79.99"
"Platinum Drywall Tools","PT-MNBH","Platinum Mini Box Handle","Handles & Extensions","44.64","62.0"
"Platinum Drywall Tools","PT-2NS","Platinum Nail Spotter - 2""","Nail Spotters","115.20","160.00"
"Platinum Drywall Tools","PT-3NS","Platinum Nail Spotter - 3""","Nail Spotters","115.20","160.00"
"Platinum Drywall Tools","PT-OCA","Platinum Outside 90 Degree Applicator","Corner Tools","42.48","59.0"
"Platinum Drywall Tools","PT-OCR","Platinum Outside 90 Degree Corner Roller","Corner Tools","50.39","69.99"
"Platinum Drywall Tools","PT-2.5CF","Platinum Stainless Steel Corner Flusher - 2.5""","Corner Tools","54.00","75.00"
"Platinum Drywall Tools","PT-3.5CF","Platinum Stainless Steel Corner Flusher - 3.5""","Corner Tools","57.60","80.00"
"Platinum Drywall Tools","PT-AICA","Platinum Wheel Inside Angle / Corner Applicator","Corner Tools","64.08","89.0"
"TapeTech","70173","TapeTech 10 in. & 12 in. Full Set with Renegade Stilts & Sander","Tool Sets & Kits","3815.28","5299.00"
"TapeTech","EEX125135","TapeTech 135° Outside Corner Edger - 1.25""","Corner Tools","0.00",""
"TapeTech","EEX200135","TapeTech 135° Outside Corner Edger - 2""","Corner Tools","0.00","10.00"
"TapeTech","EEX275135","TapeTech 135° Outside Corner Edger - 2.75""","Corner Tools","0.00","10.00"
"TapeTech","NS02WX1HDL","TapeTech 2"" Nail Spotter with X1 Extension Handle","Nail Spotters","0.00",""
"TapeTech","70171","TapeTech 2 Pump Set","Tool Sets & Kits","864.00","1200.00"
"TapeTech","CA07XHTT","TapeTech 7"" Angle Box with Extendable XHTT Handle","Corner Tools","0.00","494.00"
"TapeTech","CA08TTXHTT","TapeTech 8"" Angle Box with XHTT Extendable Handle","Corner Tools","0.00","509.00"
"TapeTech","EIN5090","TapeTech 90° Inside Corner Edger - 0.5""","Corner Tools","0.00",""
"TapeTech","EIN7590","TapeTech 90° Inside Corner Edger - 0.75""","Corner Tools","0.00",""
"TapeTech","EIN10090","TapeTech 90° Inside Corner Edger - 1""","Corner Tools","0.00","12.00"
"TapeTech","EIN15090","TapeTech 90° Inside Corner Edger - 1.5""","Corner Tools","0.00","12.00"
"TapeTech","EIN20090","TapeTech 90° Inside Corner Edger - 2""","Corner Tools","0.00","12.00"
"TapeTech","EEX5090","TapeTech 90° Outside Corner Edger - 0.5""","Corner Tools","0.00","12.00"
"TapeTech","EEX7590","TapeTech 90° Outside Corner Edger - 0.75""","Corner Tools","0.00","12.00"
"TapeTech","EEX10090","TapeTech 90° Outside Corner Edger - 1""","Corner Tools","0.00","12.00"
"TapeTech","EEX15090","TapeTech 90° Outside Corner Edger - 1.5""","Corner Tools","0.00","12.00"
"TapeTech","EEX20090","TapeTech 90° Outside Corner Edger - 2""","Corner Tools","0.00",""
"TapeTech","16TT","TapeTech Applicator Head - Outside Corner","Applicator Heads","61.20","85.00"
"TapeTech","16TT90","TapeTech Applicator Head - Inside Corner","Applicator Heads","61.20","85.00"
"TapeTech","ATX01TT","TapeTech Automatic Taper Extension","Automatic Tapers","287.28","399.00"
"TapeTech","TTBBS","TapeTech Basic Box Set","Tool Sets & Kits","1183.68","1644.00"
"TapeTech","TTFULL7/10","TapeTech Basic Full Set - 7 in. & 10 in. Boxes","Tool Sets & Kits","3137.76","4358.00"
"TapeTech","TTFULL10/12","TapeTech Basic Full Set - 10 in. & 12 in. Boxes","Tool Sets & Kits","3152.16","4378.00"
"TapeTech","TTJUMBO7/10","TapeTech Basic Jumbo Set - 7 in. & 10 in. Boxes","Tool Sets & Kits","4366.80","6065.00"
"TapeTech","TTJUMBO10/12","TapeTech Basic Jumbo Set - 10 in. & 12 in. Boxes","Tool Sets & Kits","4381.20","6085.00"
"TapeTech","TTBTS","TapeTech Basic Taping Set","Tool Sets & Kits","2036.88","2829.00"
"TapeTech","88TTE","TapeTech Box XTender Handle","Flat Box Handles","272.16","378.00"
"TapeTech","BH","TapeTech Brakeless Box Handle - Fixed 34""","Flat Box Handles","107.28","149.00"
"TapeTech","BHE","TapeTech Brakeless Box Handle - Extendable 34""-60""","Flat Box Handles","215.28","299.00"
"TapeTech","FBH2642TT-CF","TapeTech Carbon Fiber Box Handle - 26""-42""","Flat Box Handles","0.00",""
"TapeTech","FBH4272TT-CF","TapeTech Carbon Fiber Box Handle - 42""-72""","Flat Box Handles","0.00",""
"TapeTech","CF25COMBO","TapeTech Combo Corner Flusher - 2.5""","Corner Tools","128.88","179.00"
"TapeTech","CF30COMBO","TapeTech Combo Corner Flusher - 3""","Corner Tools","132.48","184.00"
"TapeTech","CF35COMBO","TapeTech Combo Corner Flusher - 3.5""","Corner Tools","136.08","189.00"
"TapeTech","CF40COMBO","TapeTech Combo Corner Flusher - 4""","Corner Tools","139.68","194.00"
"TapeTech","CROLLHAN2","TapeTech Compound Roller Support Handle","Compound Rollers","17.99","24.99"
"TapeTech","CT24TT","TapeTech Compound Tube - 24""","Corner Tools","0.00","189.00"
"TapeTech","CT36TT","TapeTech Compound Tube - 36""","Corner Tools","0.00","199.00"
"TapeTech","CT42TT","TapeTech Compound Tube - 42""","Corner Tools","0.00","209.00"
"TapeTech","CTA01TT","TapeTech Compound Tube Filler Adapter","Corner Tools","0.00","19.99"
"TapeTech","CA07TT","TapeTech Corner Applicator - 7""","Corner Applicators","226.80","315.00"
"TapeTech","CA08TT","TapeTech Corner Applicator - 8""","Corner Applicators","237.60","330.00"
"TapeTech","CA07FHTT","TapeTech Corner Applicator with FHTT Fiberglass Handle - 7""","Corner Tools","0.00",""
"TapeTech","CA08FHTT","TapeTech Corner Applicator with FHTT Fiberglass Handle - 8""","Corner Tools","0.00",""
"TapeTech","40XTT","TapeTech Corner Finisher - 2""","Corner Finishers","280.08","389.00"
"TapeTech","42TT","TapeTech Corner Finisher - 2.5""","Corner Finishers","287.28","399.00"
"TapeTech","48TT","TapeTech Corner Finisher - 3"" EasyRoll® Adjustable","Corner Finishers","308.88","429.00"
"TapeTech","48XTT","TapeTech Corner Finisher - 3.5"" EasyRoll® Adjustable","Corner Finishers","316.08","439.00"
"TapeTech","TTCFS","TapeTech Corner Finishing Set","Tool Sets & Kits","1019.52","1416.00"
"TapeTech","15TTE","TapeTech Corner Roller - Inside Corner","Corner Rollers","136.08","189.00"
"TapeTech","17TT","TapeTech Corner Roller - Outside Corner","Corner Rollers","122.40","170.00"
"TapeTech","17TTE","TapeTech Corner Roller - Flex Tape Outside Corner","Corner Rollers","128.88","179.00"
"TapeTech","15TTEXHTT","TapeTech Corner Roller with Extendable XHTT Handle","Corner Tools","0.00","368.00"
"TapeTech","15TTEWHANDLE","TapeTech Corner Roller with Handle","Corner Tools","0.00",""
"TapeTech","CH55TT","TapeTech Cove Applicator Head - 55 mm","Applicator Heads","71.28","99.00"
"TapeTech","CH75TT","TapeTech Cove Applicator Head - 75 mm","Applicator Heads","71.28","99.00"
"TapeTech","CH83TT","TapeTech Cove Applicator Head - 83 mm","Applicator Heads","71.28","99.00"
"TapeTech","CH90TT","TapeTech Cove Applicator Head - 90 mm","Applicator Heads","71.28","99.00"
"TapeTech","CF25TT","TapeTech Direct Corner Flusher - 2.5""","Corner Tools","82.08","114.00"
"TapeTech","CF30TT","TapeTech Direct Corner Flusher - 3""","Corner Tools","85.68","119.00"
"TapeTech","CF35TT","TapeTech Direct Corner Flusher - 3.5""","Corner Tools","90.00","125.00"
"TapeTech","CF40TT","TapeTech Direct Corner Flusher - 4""","Corner Tools","92.88","129.00"
"TapeTech","TTFINISH7/10","TapeTech Drywall Finishing Set - 7 in. & 10 in. Boxes","Tool Sets & Kits","1910.88","2654.00"
"TapeTech","03TT","TapeTech EasyClean® Automatic Taper - Mini-Taper 40.5""","Automatic Tapers","1278.00","1775.00"
"TapeTech","07TT","TapeTech EasyClean® Automatic Taper - Standard","Automatic Tapers","1151.28","1599.00"
"TapeTech","07TT-C","TapeTech EasyClean® Automatic Taper - Carbon Fiber","Automatic Tapers","1281.60","1780.00"
"TapeTech","EZ07TT","TapeTech EasyClean® Finishing Box - 7""","Finishing Boxes","272.88","379.00"
"TapeTech","EZ10TT","TapeTech EasyClean® Finishing Box - 10""","Finishing Boxes","280.08","389.00"
"TapeTech","EZ12TT","TapeTech EasyClean® Finishing Box - 12""","Finishing Boxes","287.28","399.00"
"TapeTech","EZ15TT","TapeTech EasyClean® Finishing Box - 15""","Finishing Boxes","308.88","429.00"
"TapeTech","NS02FHTT","TapeTech EasyClean® Nail Spotter with FHTT Fiberglass Handle - 2""","Nail Spotters","0.00","337.00"
"TapeTech","NS03FHTT","TapeTech EasyClean® Nail Spotter with FHTT Fiberglass Handle - 3""","Nail Spotters","0.00","348.00"
"TapeTech","76TT","TapeTech EasyClean® Pump - Standard","Pumps & Adapters","287.28","399.00"
"TapeTech","76TT-CA","TapeTech EasyClean® Pump - Canada","Pumps & Adapters","294.48","409.00"
"TapeTech","76XLTT","TapeTech EasyClean® Pump - Extra Long","Pumps & Adapters","474.48","659.00"
"TapeTech","8134TT","TapeTech EasyFinish™ Box Handle - 34""","Flat Box Handles","186.48","259.00"
"TapeTech","8142TT","TapeTech EasyFinish™ Box Handle - 42""","Flat Box Handles","193.68","269.00"
"TapeTech","8154TT","TapeTech EasyFinish™ Box Handle - 54""","Flat Box Handles","200.88","279.00"
"TapeTech","8172TT","TapeTech EasyFinish™ Box Handle - 72""","Flat Box Handles","208.08","289.00"
"TapeTech","MRX01TT","TapeTech Extension","MudRunner Pro","128.88","179.00"
"TapeTech","FHTTCAATT","TapeTech Fiberglass Angle Box Handle (FHTT/CAA)","Corner Tools","0.00",""
"TapeTech","FHTTCFA","TapeTech Fiberglass Angle Head Handle (FHTT/CFA)","Corner Tools","0.00",""
"TapeTech","FHTTNSA","TapeTech Fiberglass Nail Spotter Handle (FHTT/NSA)","Nail Spotters","0.00",""
"TapeTech","90T","TapeTech Filler Adapter","Pumps & Adapters","56.88","79.00"
"TapeTech","TTFBC","TapeTech Flat Box Combo","Tool Sets & Kits","1065.60","1480.00"
"TapeTech","8034TT","TapeTech Flat Box Handle - 34""","Flat Box Handles","164.88","229.00"
"TapeTech","8042TT","TapeTech Flat Box Handle - 42""","Flat Box Handles","168.48","234.00"
"TapeTech","8054TT","TapeTech Flat Box Handle - 54""","Flat Box Handles","172.08","239.00"
"TapeTech","8072TT","TapeTech Flat Box Handle - 72""","Flat Box Handles","179.28","249.00"
"TapeTech","TTFULL2SET","TapeTech Full Set X2 Contractors Pack","Tool Sets & Kits","6304.32","8756.00"
"TapeTech","85T","TapeTech Gooseneck - Standard","Pumps & Adapters","75.60","105.00"
"TapeTech","85XLTT","TapeTech Gooseneck - Extra Long","Pumps & Adapters","143.28","199.00"
"TapeTech","GSR-TT","TapeTech Gooseneck Riser","Pumps & Adapters","10.07","13.99"
"TapeTech","804003F","TapeTech Grip Assembly For Box Handle","Handles & Extensions","0.00","73.91"
"TapeTech","EHC07","TapeTech MaxxBox® High Capacity Finishing Box - 7""","Finishing Boxes","301.68","419.00"
"TapeTech","EHC10","TapeTech MaxxBox® High Capacity Finishing Box - 10""","Finishing Boxes","301.68","419.00"
"TapeTech","EHC12","TapeTech MaxxBox® High Capacity Finishing Box - 12""","Finishing Boxes","319.68","444.00"
"TapeTech","14TT","TapeTech MudRunner®","Corner Tools","0.00","900.00"
"TapeTech","MR01TT","TapeTech MudRunner® Pro","MudRunner Pro","791.28","1099.00"
"TapeTech","NS02TT","TapeTech Nail Spotter - 2""","Nail Spotters","200.16","278.00"
"TapeTech","NS03TT","TapeTech Nail Spotter - 3""","Nail Spotters","208.08","289.00"
"TapeTech","TTPFB","TapeTech Paper Faced Bead Pro Set","Tool Sets & Kits","1403.28","1949.00"
"TapeTech","PAHC07","TapeTech Power Assist® MaxxBox® Finishing Box - 7""","Finishing Boxes","330.48","459.00"
"TapeTech","PAHC10","TapeTech Power Assist® MaxxBox® Finishing Box - 10""","Finishing Boxes","337.68","469.00"
"TapeTech","PAHC12","TapeTech Power Assist® MaxxBox® Finishing Box - 12""","Finishing Boxes","344.88","479.00"
"TapeTech","CROLL02","TapeTech Premium Compound Roller - 2""","Compound Rollers","16.55","22.99"
"TapeTech","CROLL04","TapeTech Premium Compound Roller - 4""","Compound Rollers","10.07","13.99"
"TapeTech","CROLL09","TapeTech Premium Compound Roller - 9""","Compound Rollers","10.79","14.99"
"TapeTech","CROLL12","TapeTech Premium Compound Roller - 12""","Compound Rollers","12.23","16.99"
"TapeTech","CROLL04CG","TapeTech Premium Compound Roller with Frame - 4""","Corner Tools","0.00","22.99"
"TapeTech","CROLL09CG","TapeTech Premium Compound Roller with Frame - 9""","Corner Tools","0.00","24.99"
"TapeTech","CROLL12CG","TapeTech Premium Compound Roller with Frame - 12""","Corner Tools","0.00","27.99"
"TapeTech","TTPPS-EF","TapeTech Pro Performance Easy Finish Set","Tool Sets & Kits","5252.40","7295.00"
"TapeTech","TTPPS","TapeTech Pro Performance Set","Tool Sets & Kits","4770.00","6625.00"
"TapeTech","TTPSS","TapeTech Professional Starter Set","Tool Sets & Kits","3282.48","4559.00"
"TapeTech","QB06-QSX","TapeTech QuickBox® QSX Finishing Box - 6.5""","Finishing Boxes","107.28","149.00"
"TapeTech","QB08-QSX","TapeTech QuickBox® QSX Finishing Box - 8.5""","Finishing Boxes","125.28","174.00"
"TapeTech","BHE-SW","TapeTech Rotational Brakeless Finishing Box Handle","Flat Box Handles","236.88","329.00"
"TapeTech","TTSFS","TapeTech Standard Full Set","Tool Sets & Kits","3569.76","4958.00"
"TapeTech","TTSFS-2","TapeTech Standard Full Set with 2 Pumps","Tool Sets & Kits","3857.04","5357.00"
"TapeTech","FHTT","TapeTech Support Handle - Fiberglass","Support Handles & Adapters","42.48","59.00"
"TapeTech","FHTT-CC","TapeTech Support Handle - Closet Crusher Fiberglass","Support Handles & Adapters","36.00","50.00"
"TapeTech","XHTT","TapeTech Support Handle - Extension","Support Handles & Adapters","128.88","179.00"
"TapeTech","CAA-TT","TapeTech Support Handle Adapter - Corner Applicator","Support Handles & Adapters","32.40","45.00"
"TapeTech","CFA-TT","TapeTech Support Handle Adapter - Corner Finisher","Support Handles & Adapters","35.28","49.00"
"TapeTech","NSA-TT","TapeTech Support Handle Adapter - Nail Spotter","Support Handles & Adapters","28.80","40.00"
"TapeTech","TTFFS","TapeTech Value Drywall Finishing Set","Tool Sets & Kits","1840.32","2556.00"
"TapeTech","TTFTFS","TapeTech Value Full Drywall Taping & Finishing Set","Tool Sets & Kits","3067.20","4260.00"
"TapeTech","8000TT","TapeTech Wizard® Compact Finishing Box Handle - Standard","Flat Box Handles","78.48","109.00"
"TapeTech","8000TT-PA","TapeTech Wizard® Compact Finishing Box Handle - Power Assist","Flat Box Handles","78.48","109.00"
"Columbia Tools","FA216","4-40 X 3/8” Fillister Slot","Parts","0.00","2.00"
"Columbia Tools","FA231","6-32 x 3/8"" Hex Bolt","Parts","0.00","2.25"
"Columbia Tools","FA232","6-32 Hex Nut","Parts","0.00","1.75"
"Columbia Tools","FA233","6-32 Nyloc Nut","Parts","0.00","2.00"
"Columbia Tools","FA238","6-32 X 3/16"" Fillister Slot","Parts","0.00","2.00"
"Columbia Tools","FA239","6-32 X 1/4"" Binder Slot","Parts","0.00","1.00"
"Columbia Tools","FA241","6-32 X 3/8"" Binder Slot","Parts","0.00","1.00"
"Columbia Tools","FA247","6-32 X 5/8"" Hex Bolt","Parts","0.00","2.45"
"Columbia Tools","FA258","8-32X 1/4 Half Dog Set","Parts","0.00","2.00"
"Columbia Tools","FA268","#10 Flat Washer","Parts","0.00","2.25"
"Columbia Tools","FA271","10-24 Nyloc Nut","Parts","0.00","2.00"
"Columbia Tools","FA272","10-24 Wing Nut","Parts","0.00","2.00"
"Columbia Tools","FA275","10-24 x 7/8"" Hex Bolt","Parts","0.00","3.15"
"Columbia Tools","FA280","#10 Belleville Washer","Parts","0.00","1.00"
"Columbia Tools","FFB4A","Stainless Steel Washer","Parts","0.00","5.00"
"Columbia Tools","FFB4B","Stainless Steel Backing Washer","Parts","0.00","4.00"
"Columbia Tools","FFB5-7","Axle - 7""","Parts","0.00","44.00"
"Columbia Tools","FFB5-8","Axle - 8""","Parts","0.00","44.00"
"Columbia Tools","FFB5-10","Axle - 10""","Parts","0.00","44.00"
"Columbia Tools","FFB5-12","Axle - 12""","Parts","0.00","44.00"
"Columbia Tools","FFB5-14","Axle - 14""","Parts","0.00","44.00"
"Columbia Tools","FFB5A","Axel Bushing","Parts","0.00","3.00"
"Columbia Tools","FFB7","Shoe - Right","Parts","0.00","42.95"
"Columbia Tools","FFB7A","Shoe - Left","Parts","0.00","42.95"
"Columbia Tools","FFB8","Bar Retainer Clip","Parts","0.00","2.00"
"Columbia Tools","FFB9-5.5","Blade 5.5""","Parts","0.00","18.75"
"Columbia Tools","FFB9-7","Blade - 7""","Parts","0.00","22.50"
"Columbia Tools","FFB9-8","Blade - 8""","Parts","0.00","24.95"
"Columbia Tools","FFB9-10","Blade - 10""","Parts","0.00","28.95"
"Columbia Tools","FFB9-12","Blade - 12""","Parts","0.00","32.50"
"Columbia Tools","FFB9-14","Blade 14""","Parts","0.00","36.95"
"Columbia Tools","FFB11-8","Adjuster Spring - 8""","Parts","0.00","8.00"
"Columbia Tools","FFB11-10","Adjuster Spring - 10""","Parts","0.00","8.00"
"Columbia Tools","FFB11-12","Adjuster Spring - 12""","Parts","0.00","8.00"
"Columbia Tools","FFB16","Door Spring Nut","Parts","0.00","5.00"
"Columbia Tools","FFB17","Door Spring","Parts","0.00","5.00"
"Columbia Tools","FFB25-10","10"" Rubber Gasket Retainer","Parts","0.00","24.95"
"Columbia Tools","FFB25-12","12"" Rubber Gasket Retainer","Parts","0.00","28.50"
"Columbia Tools","FFB32","Door Stop","Parts","0.00","3.00"
"Columbia Tools","FFB32A","Thumb Release Clip Screw","Parts","0.00","12.50"
"Columbia Tools","FFB36","Box Wheel","Parts","0.00","5.00"
"Columbia Tools","FFB37","Rubber for Box Wheel","Parts","0.00","2.00"
"Columbia Tools","FFB38","Nyliner Bearing","Parts","0.00","2.00"
"Columbia Tools","FFB39","Hex Bolt","Parts","0.00","3.00"
"Columbia Tools","HFFB1A-10","Mud Seal Strip - 10""","Parts","0.00","10.00"
"Columbia Tools","HFFB3","Hinge Box End Plate-Right","Parts","0.00","36.00"
"Columbia Tools","HFFB3A","Hinge Box End Plate- Left","Parts","0.00","36.00"
"Columbia Tools","HFFB4D","Nylatron Bushing","Parts","0.00","3.00"
"Columbia Tools","HFFB14-8","8"" Flat Box Hinged Door Gasket","Parts","0.00","16.50"
"Columbia Tools","HFFB14-10","10"" Flat Box Hinged Door Gasket","Parts","0.00","42.00"
"Columbia Tools","HFFB14-12","12"" Flat Box Hinged Door Gasket","Parts","0.00","42.00"
"Columbia Tools","HFFB14-14","14"" Flat Box Hinged Door Gasket","Parts","0.00","42.00"
"Columbia Tools","CT2","Insert Bushing for CT#7A","Parts","0.00","5.00"
"Columbia Tools","CT3","Right Insert Bushing (includes CT4)","Parts","0.00","12.00"
"Columbia Tools","CT3A","Left Insert Bushing","Parts","0.00","14.50"
"Columbia Tools","CT4","Left Wafer Bushing","Parts","0.00","2.00"
"Columbia Tools","CT5","Right Wafer Bushing","Parts","0.00","11.50"
"Columbia Tools","CT6A","Stainless Steel Side Plate - Left","Parts","0.00","42.95"
"Columbia Tools","CT7A","Side Plate Hub","Parts","0.00","24.50"
"Columbia Tools","CT10A","Crimping Arm Shaft Bushing - L","Parts","0.00","13.95"
"Columbia Tools","CT13","Dog Base Bracket","Parts","0.00","16.00"
"Columbia Tools","CT14A","Taper Adjustable Brake","Parts","0.00","22.50"
"Columbia Tools","CT15","Ratchet Rod for Adjustable Brake","Parts","0.00","6.00"
"Columbia Tools","CT16","Brake Dog","Parts","0.00","15.00"
"Columbia Tools","CT19","Paper Feed Guide","Parts","0.00","24.95"
"Columbia Tools","CT20","Hinge Block","Parts","0.00","24.95"
"Columbia Tools","CT28","Roller Bushing","Parts","0.00","10.75"
"Columbia Tools","CT29","Right Nylatron Chain Roller (small)","Parts","0.00","13.50"
"Columbia Tools","CT29A","Left Nylatron Chain Roller (large)","Parts","0.00","4.00"
"Columbia Tools","CT31","Chain Tension & Guide Bracket","Parts","0.00","6.00"
"Columbia Tools","CT35","Cap Reinforcing Tab","Parts","0.00","4.00"
"Columbia Tools","CT36","Return Spring Tube","Parts","0.00","33.00"
"Columbia Tools","CT40","Return Spring Ring","Parts","0.00","2.00"
"Columbia Tools","CT42A","Diamond Blade","Parts","0.00","2.00"
"Columbia Tools","CT43","Micro Chain","Parts","0.00","24.50"
"Columbia Tools","CT45","Connecting Rod","Parts","0.00","22.95"
"Columbia Tools","CT47","Crimping Wheel","Parts","0.00","18.95"
"Columbia Tools","CT50","Crimping Wheel Bushing","Parts","0.00","6.00"
"Columbia Tools","CT53","Toe Kicker","Parts","0.00","28.50"
"Columbia Tools","CT54","Return Spring","Parts","0.00","3.00"
"Columbia Tools","CT55","Carriage Guide Rod","Parts","0.00","12.00"
"Columbia Tools","CT56","Carriage Guide Rod Stop","Parts","0.00","7.00"
"Columbia Tools","CT57","Tape Advance Carriage","Parts","0.00","82.00"
"Columbia Tools","CT58","Guide Rod Bushing","Parts","0.00","8.00"
"Columbia Tools","CT62","Needle Holding Shaft","Parts","0.00","16.00"
"Columbia Tools","CT63","Needle","Parts","0.00","2.00"
"Columbia Tools","CT64","Needle Return Shaft","Parts","0.00","6.00"
"Columbia Tools","CT65","Needle Return Spring","Parts","0.00","4.00"
"Columbia Tools","CT67","Ratchet Gear","Parts","0.00","34.50"
"Columbia Tools","CT68","Hub","Parts","0.00","15.00"
"Columbia Tools","CT70","Drive Shaft","Parts","0.00","33.00"
"Columbia Tools","CT71","Drive Sprocket - Small","Parts","0.00","15.00"
"Columbia Tools","CT72","Cable","Parts","0.00","10.00"
"Columbia Tools","CT73","Cable Drum","Parts","0.00","28.95"
"Columbia Tools","CT76","Nylatron Washer","Parts","0.00","6.25"
"Columbia Tools","CT77","Drive Sprocket - Large","Parts","0.00","26.50"
"Columbia Tools","CT78","Drive Chain","Parts","0.00","66.00"
"Columbia Tools","CT79","Hollow Shaft","Parts","0.00","38.50"
"Columbia Tools","CT80","Manual Drive Grip","Parts","0.00","18.75"
"Columbia Tools","CT81","Clutch Return Spring","Parts","0.00","3.00"
"Columbia Tools","CT82","Clutch Lever","Parts","0.00","19.75"
"Columbia Tools","CT83","Clutch Dog","Parts","0.00","3.00"
"Columbia Tools","CT85","Clutch Release Shaft","Parts","0.00","40.00"
"Columbia Tools","CT86","Columbia CT86 – Toe Kicker Cable","Parts","0.00","14.95"
"Columbia Tools","CT87","Engraved Cover Plate Cap","Parts","0.00","42.00"
"Columbia Tools","CT88","Clutch Release Rod","Parts","0.00","16.50"
"Columbia Tools","CT87A","Bracket Brace","Parts","0.00","14.50"
"Columbia Tools","CT87-CS","Rubber Seal","Parts","0.00","9.75"
"Columbia Tools","CT89","Release Rod Sleeve","Parts","0.00","12.95"
"Columbia Tools","CT90","Rod Sleeve Housing","Parts","0.00","22.50"
"Columbia Tools","CT92","Release Clip Bushing","Parts","0.00","10.00"
"Columbia Tools","CT92A","Toe Kicker Caple Retainer Clip","Parts","0.00","7.95"
"Columbia Tools","CT96","Mud Shut-Off Gasket","Parts","0.00","4.00"
"Columbia Tools","CT97","Mud Supply Valve Body","Parts","0.00","34.50"
"Columbia Tools","CT98","Mud Supply Seal Plate & Shaft","Parts","0.00","24.95"
"Columbia Tools","CT101","Return Spring","Parts","0.00","9.25"
"Columbia Tools","FA199","2-56 x 3/16"" Binder Slot","Parts","0.00","1.00"
"Columbia Tools","FA200","1/16 x 1/4"" Split Pin","Parts","0.00","1.00"
"Columbia Tools","FA203","1/16 x 3/4"" Cotter Pin","Parts","0.00","1.00"
"Columbia Tools","FA206","4-40 Hex Nut","Parts","0.00","2.00"
"Columbia Tools","FA207","4-40 Nyloc Nut","Parts","0.00","2.50"
"Columbia Tools","FA2","4-40 x 1/8"" Binder Slot","Parts","0.00","1.65"
"Columbia Tools","FA210","4-40 x 3/16"" Binder Slot","Parts","0.00","1.00"
"Columbia Tools","FA212","4-40 x 3/16"" Truss Slot","Parts","0.00","1.00"
"Columbia Tools","FA213","4-40 x 1/4"" Binder Slot","Parts","0.00","1.00"
"Columbia Tools","FA214","4-40 x 1/4"" Flat Slot","Parts","0.00","1.00"
"Columbia Tools","FA215","4-40 x 5/16"" Binder Slot","Parts","0.00","1.95"
"Columbia Tools","FA219","4-40 x 1/2"" Fillister Slot","Parts","0.00","1.00"
"Columbia Tools","FA220","4-40 x 3/4"" Hex Bolt","Parts","0.00","2.35"
"Columbia Tools","FA224","1/8"" x 3/8"" Split Pin","Parts","0.00","1.95"
"Columbia Tools","FA228","#6 Flat Washer","Parts","0.00","1.00"
"Columbia Tools","FA229","#6 Lock Washer","Parts","0.00","1.00"
"Columbia Tools","FA230","#6 Star Washer","Parts","0.00","1.00"
"Columbia Tools","FA234","6-32 Nyloc Jam Nut","Parts","0.00","2.65"
"Columbia Tools","FA243","6-32 x 3/8"" Flat Slot","Parts","0.00","1.00"
"Columbia Tools","FA244","6-32 x 1/2"" Pan Slot","Parts","0.00","1.00"
"Columbia Tools","FA245","6-32 x 1/2"" Fillister Slot","Parts","0.00","2.15"
"Columbia Tools","FA253","#8 Flat Washer","Parts","0.00","1.85"
"Columbia Tools","FA254","8-32 Nyloc Nut","Parts","0.00","2.00"
"Columbia Tools","FA257","8-32 x 1/4"" Fillister Slot","Parts","0.00","1.00"
"Columbia Tools","FA264","8-32 x 5/8"" Truss Slot","Parts","0.00","1.00"
"Columbia Tools","FA265","8-32 x 3/4"" Truss Slot","Parts","0.00","1.00"
"Columbia Tools","FA267","8-32 x 1 1/2"" Pan Slot","Parts","0.00","2.85"
"Columbia Tools","AH1-2","Head Casting -2""","Parts","0.00","153.00"
"Columbia Tools","AH1-2.5","Head Casting- 2.5""","Parts","0.00","173.85"
"Columbia Tools","AH1-3","Head Casting -3""","Parts","0.00","153.00"
"Columbia Tools","AH1-3.5","Head Casting - 3.5""","Parts","0.00","153.00"
"Columbia Tools","AH1A","Spring Housing","Parts","0.00","8.00"
"Columbia Tools","AH1B","Return Spring","Parts","0.00","3.00"
"Columbia Tools","AH3-2","2"" Top Blade","Parts","0.00","38.95"
"Columbia Tools","AH3-2.5","2.5"" Top Blade","Parts","0.00","25.00"
"Columbia Tools","AH3-3","3"" Top Blade","Parts","0.00","44.95"
"Columbia Tools","AH3-3.5","3.5"" Top Blade","Parts","0.00","25.00"
"Columbia Tools","AH4","Side Blade","Parts","0.00","29.50"
"Columbia Tools","AH5","Frame Retainer Clip","Parts","0.00","2.00"
"Columbia Tools","AH6A","Funnel Retainer Clip","Parts","0.00","19.00"
"Columbia Tools","AH7-2","Frame Tension Spring- 2""","Parts","0.00","12.50"
"Columbia Tools","AH7-2.5","Frame Tension Spring- 2.5""","Parts","0.00","2.00"
"Columbia Tools","AH7-3","Framer Tention Spring- 3""","Parts","0.00","13.25"
"Columbia Tools","AH7-3.5","Frame Tension Spring- 3.5""","Parts","0.00","14.50"
"Columbia Tools","AH8","Top Retainer Corner Clip","Parts","0.00","8.00"
"Columbia Tools","AH8A","Top Retainer Corner Clip- 3.5"" or All Sizes Post 2014","Parts","0.00","9.75"
"Columbia Tools","AH9","Bottom Retainer Corner Clip","Parts","0.00","10.00"
"Columbia Tools","AH9A","Bottom Retainer Corner Clip - 3.5"" or All Sizes Post 2014","Parts","0.00","11.50"
"Columbia Tools","AH18","Socket Wear Cap","Parts","0.00","9.00"
"Columbia Tools","FA227","6-32 X 1/4"" Flat Slot","Parts","0.00","2.00"
"Columbia Tools","FA235","6-32 X 1/8"" Set Screw","Parts","0.00","2.00"
"Columbia Tools","FA236","6-32 X 1/8"" Binder Slot","Parts","0.00","1.00"
"Columbia Tools","FA249","8-32X3/16"" Set Screw","Parts","0.00","2.00"
"Columbia Tools","FA256","8-32 X 3/16"" Pan Slot","Parts","0.00","2.15"
"Columbia Tools","FA260","8-32 x 3/8"" Pan Slot","Parts","0.00","1.00"
"Columbia Tools","FA270","#10 x 3/4"" Fender Washer","Parts","0.00","2.50"
"Columbia Tools","FA273","10-24 x 1"" Hex Bolt","Parts","0.00","3.25"
"Columbia Tools","FA274","10-24 x 3/8"" Socket","Parts","0.00","2.65"
"Columbia Tools","FA286","1/4"" x 1/2"" Flat Washer","Parts","0.00","1.00"
"Columbia Tools","FA292","Columbia FA292 1/4-20 Nyloc Jam Nut","Parts","0.00","3.15"
"Columbia Tools","FA294","1/4-20 x 38"" Socket","Parts","0.00","3.25"
"Columbia Tools","FA297","1/4-20 x 5/8"" Socket","Parts","0.00","2.00"
"Columbia Tools","FA300","1/4-20 x 2"" Hex Bolt","Parts","0.00","4.25"
"Columbia Tools","FA301","1/4-20 x 2 1/4"" Hex Bolt","Parts","0.00","3.00"
"Columbia Tools","FA303","5-16 Flat Washer","Parts","0.00","3.00"
"Columbia Tools","FA305","5/16 -18 x 3/4"" Hex Bolt","Parts","0.00","4.15"
"Columbia Tools","FA306","5/16-18 x 1 1/4"" Hex Bolt","Parts","0.00","3.45"
"Columbia Tools","FA307","5-16 x 24 Jam Nut","Parts","0.00","3.00"
"Columbia Tools","FA3","1/2"" x 7/8"" Flat Washer","Parts","0.00","2.50"
"Columbia Tools","FA313","1/4-20 X 1/4 Socket Head Set Screw","Parts","0.00","2.00"
"Columbia Tools","HP1","Pump Cylinder","Parts","0.00","52.00"
"Columbia Tools","HP44","Collar O-Ring","Parts","0.00","2.00"
"Columbia Tools","HP45","O Ring Enclosure","Parts","0.00","22.00"
"Columbia Tools","HP46","Latch Keeper","Parts","0.00","19.75"
"Columbia Tools","HP47","Latch Clamp Assembly","Parts","0.00","28.95"
"Columbia Tools","HPA-48","Handle Pin Assembly","Parts","0.00","5.00"
"Columbia Tools","MP2","Foot Valve Casting","Parts","0.00","29.00"
"Columbia Tools","MP3","Pump Flapper Valve","Parts","0.00","4.00"
"Columbia Tools","MP5","Head Bushing","Parts","0.00","13.95"
"Columbia Tools","MP6","Handle Link","Parts","0.00","33.00"
"Columbia Tools","MP7","Pump Handle","Parts","0.00","87.00"
"Columbia Tools","MP8","Leg","Parts","0.00","71.00"
"Columbia Tools","MP11","Piston Shaft","Parts","0.00","28.50"
"Columbia Tools","MP13","Piston Backing Washer (Large)","Parts","0.00","14.25"
"Columbia Tools","MP13A","Piston Backing Washer (Small)","Parts","0.00","12.50"
"Columbia Tools","MP14","Piston Cup","Parts","0.00","11.75"
"Columbia Tools","MP23","Mud Pump Seal","Parts","0.00","16.50"
"Columbia Tools","MP23A","O-Ring","Parts","0.00","2.00"
"Columbia Tools","MP24","Mud Pump Screen","Parts","0.00","4.00"
"Columbia Tools","MP25","Filler Studs","Parts","0.00","10.00"
"Columbia Tools","MP28","Filler Nut","Parts","0.00","12.25"
"Columbia Tools","MP32","Backing Washer Locator","Parts","0.00","18.95"
"Columbia Tools","MP33","Filler Gasket","Parts","0.00","2.00"
"Columbia Tools","MP36","Nylatron Bushing","Parts","0.00","11.50"
"Columbia Tools","MP39","Sleeve","Parts","0.00","14.75"
"Columbia Tools","FA218","4-40 x 3/8"" Flat Slot","Parts","0.00","1.00"
"Columbia Tools","FA252","#8 Star Washer","Parts","0.00","2.05"
"Columbia Tools","HNS4-2","Door 2""","Parts","0.00","33.00"
"Columbia Tools","HNS4-3","Door 3""","Parts","0.00","33.00"
"Columbia Tools","HNS7-2","Blade 2""","Parts","0.00","23.00"
"Columbia Tools","HNS7-3","Blade 3""","Parts","0.00","23.00"
"Columbia Tools","HNS8-2","Blade Holder 2""","Parts","0.00","33.00"
"Columbia Tools","HNS8-3","Blade Holder 3""","Parts","0.00","33.00"
"Columbia Tools","HNS10","Door Spring Long","Parts","0.00","18.75"
"Columbia Tools","HNS10A","Door Spring Short","Parts","0.00","18.75"
"Columbia Tools","HNS12","Handle Clamp","Parts","0.00","17.00"
"Columbia Tools","HNS12A","Roll Pin","Parts","0.00","6.00"
"Columbia Tools","HNS13","Roll Pin Bushing","Parts","0.00","9.95"
"Columbia Tools","HNSA-14","Handle Link Assembly","Parts","0.00","45.00"
"Columbia Tools","HNS15-2","Door Gasket 2""","Parts","0.00","36.00"
"Columbia Tools","HNS15-3","Door Gasket 3""","Parts","0.00","35.00"
"Columbia Tools","HNS17A","Nail Spotter Handle Tightness Screw","Parts","0.00","5.00"
"Columbia Tools","HNS18","Pivot","Parts","0.00","4.00"
"Columbia Tools","HNS20","Wedge","Parts","0.00","22.50"
"Columbia Tools","FA237","6-32 x 3/16"" Binder Slot","Parts","0.00","1.00"
"Columbia Tools","FA317","5/32"" x 7/8"" Roll Pin","Parts","0.00","2.00"
"Columbia Tools","FA365","3/16 x 1"" Sping Pin SS","Parts","0.00","3.00"
"Columbia Tools","FA376","8-32 x 5/16 SS Socket Head","Parts","0.00","2.00"
"Columbia Tools","FA379","1/4"" SS E-Clip","Parts","0.00","3.25"
"Columbia Tools","FA380","1/8"" SS E-Clip","Parts","0.00","2.95"
"Columbia Tools","FA382","10-32 x 1/4"" SS Set Screw","Parts","0.00","1.00"
"Columbia Tools","HH5","Extension Housing","Parts","0.00","33.00"
"Columbia Tools","HH8","Handle Tube","Parts","0.00","45.00"
"Columbia Tools","HH30","Extension Release Trigger","Parts","0.00","14.25"
"Columbia Tools","HH31","Release Clip Pin","Parts","0.00","12.95"
"Columbia Tools","HH32","Release Clip Washer","Parts","0.00","22.00"
"Columbia Tools","HH33","Rlease Trigger Spring","Parts","0.00","11.75"
"Columbia Tools","HH35","Handle Grip","Parts","0.00","7.00"
"Columbia Tools","MH1","Handle Mount Plate","Parts","0.00","75.00"
"Columbia Tools","MH2","Matrix Handle Head","Parts","0.00","4.00"
"Columbia Tools","MH3","Lower Mount Bracket","Parts","0.00","33.00"
"Columbia Tools","MH3A","Mounting Bracket Stem","Parts","0.00","4.00"
"Columbia Tools","MH4","Handle Grip","Parts","0.00","37.00"
"Columbia Tools","MH5","Connecting Link Pin","Parts","0.00","5.00"
"Columbia Tools","MH6","Hinge Pin","Parts","0.00","4.00"
"Columbia Tools","MH7","Connecting Link Fork","Parts","0.00","29.00"
"Columbia Tools","MH8","Brake Rod Bushing","Parts","0.00","8.00"
"Columbia Tools","MH9A","Brake Activation Rod","Parts","0.00","24.00"
"Columbia Tools","MH10","Octagon","Parts","0.00","36.00"
"Columbia Tools","MH11","Handle Grip Bushing","Parts","0.00","6.00"
"Columbia Tools","MH12","PinchBrake Spring","Parts","0.00","4.00"
"Columbia Tools","MH13","Large Nyliner Bushing","Parts","0.00","5.00"
"Columbia Tools","MH15","Pinch Brake Activator","Parts","0.00","22.00"
"Columbia Tools","MH16","Connecting Rod Housing","Parts","0.00","8.00"
"Columbia Tools","MH17","Pinch Brake","Parts","0.00","24.50"
"Columbia Tools","MH18","Pinch Brake Housing","Parts","0.00","20.00"
"Columbia Tools","MH19","Pinch Brake Sleeve","Parts","0.00","28.00"
"Columbia Tools","MH20","Small Nyliner Bushing","Parts","0.00","3.00"
"Columbia Tools","MH21","Grip Adjuster Housing","Parts","0.00","21.95"
"Columbia Tools","MH22","Grip Adjustment Pin","Parts","0.00","11.00"
"Columbia Tools","MH23","Grip Adjusting Fastener","Parts","0.00","11.00"
"Columbia Tools","MH24","Pinch Brake Bushing","Parts","0.00","12.75"
"Columbia Tools","MH25","Pinch Brake Stem","Parts","0.00","14.95"
"Columbia Tools","CFB3-7","Side Plate 7""","Parts","0.00","40.00"
"Columbia Tools","CFB3-8","Side Plate 8""","Parts","0.00","40.00"
"Columbia Tools","CFB4-7","Door 7""","Parts","0.00","42.50"
"Columbia Tools","CFB4-8","Door 8""","Parts","0.00","46.95"
"Columbia Tools","CFB5B","Cone Ball","Parts","0.00","16.00"
"Columbia Tools","CFB6","Mud Supply Valve Unit","Parts","0.00","29.00"
"Columbia Tools","CFB7-7","Door Gasket 7""","Parts","0.00","28.50"
"Columbia Tools","CFB7-8","Door Gasket 8""","Parts","0.00","31.95"
"Columbia Tools","CFB8","Box Mount","Parts","0.00","44.00"
"Columbia Tools","CFB10","5/16-18 x 3/4"" Thumb Screw","Parts","0.00","6.00"
"Columbia Tools","CFB11A","Door Stop","Parts","0.00","3.00"
"Columbia Tools","CFB15","Door Hinge","Parts","0.00","24.95"
"Columbia Tools","CFB15A","Hinge Bushing (Plastic Washer)","Parts","0.00","8.50"
"Columbia Tools","CFB16","Bearing Sleeve","Parts","0.00","18.75"
"Columbia Tools","FA261","8-32 X 3/8"" Socket Screw","Parts","0.00","2.75"
"Columbia Tools","FA262","8-32 x 1/2"" Socket","Parts","0.00","2.95"
"Columbia Tools","FA296","1/4 -20 x 1/2"" Hex Bolt","Parts","0.00","3.35"
"Columbia Tools","CT103","Barrel- Main Body","Parts","0.00","112.50"
"Columbia Tools","CT104","Connection Strap","Parts","0.00","18.95"
"Columbia Tools","CT105","Crimper Lever","Parts","0.00","34.50"
"Columbia Tools","CT107","Piston Body","Parts","0.00","27.00"
"Columbia Tools","CT109","1/4 - 20 Hex Nut","Parts","0.00","6.00"
"Columbia Tools","CT111","Piston Cup","Parts","0.00","11.75"
"Columbia Tools","CT112","Connecting Stud","Parts","0.00","11.00"
"Columbia Tools","CT115","Guard Ring","Parts","0.00","20.00"
"Columbia Tools","CT116A","Strap","Parts","0.00","28.50"
"Columbia Tools","CT119","Spool Retaining Spring","Parts","0.00","7.25"
"Columbia Tools","CT120","Tape Spool","Parts","0.00","14.50"
"Columbia Tools","CT121A","O-Ring","Parts","0.00","2.00"
"Columbia Tools","CT124","Hand Grip Guard Ring","Parts","0.00","20.00"
"Columbia Tools","CT125","Rollers","Parts","0.00","15.25"
"Columbia Tools","CT125A","Bearing","Parts","0.00","19.95"
"Columbia Tools","CT126","Hand Grip Body","Parts","0.00","66.00"
"Columbia Tools","CT127","Extension Shaft Bracket","Parts","0.00","21.95"
"Columbia Tools","CT130","Extension Shaft","Parts","0.00","32.50"
"Columbia Tools","CT132","Connecting Link","Parts","0.00","2.00"
"Columbia Tools","FA225","1/8"" x 3/8"" Rivet Shoulder Washer","Parts","0.00","2.05"
"Columbia Tools","FA291","1/4-20 Hex Nut","Parts","0.00","2.00"
"Columbia Tools","FA295","1/4 x 1/2"" Flathead Socket","Parts","0.00","3.45"
"Columbia Tools","FA298","1/4-20 x 7/8"" Flat Socket","Parts","0.00","2.85"
"Columbia Tools","BH1","Mounting Plate","Parts","0.00","30.00"
"Columbia Tools","BH11","Strap Connecting Pin","Parts","0.00","7.95"
"Columbia Tools","BH2","Plate","Parts","0.00","24.50"
"Columbia Tools","BH24A","Bearing Sleeve","Parts","0.00","4.00"
"Columbia Tools","BH26","Cam","Parts","0.00","21.95"
"Columbia Tools","BH3","Lower Mounting Bracket","Parts","0.00","32.00"
"Columbia Tools","BH4","Lower Brake Lever","Parts","0.00","19.75"
"Columbia Tools","BH5","Upper Mounting Bracket","Parts","0.00","18.50"
"Columbia Tools","BH6","Hinge Pin","Parts","0.00","11.25"
"Columbia Tools","BH7","Cam Follower","Parts","0.00","15.00"
"Columbia Tools","BH9-3","Brake Connecting Strap - 3'","Parts","0.00","27.00"
"Columbia Tools","BH9-4","Brake Connecting Strap - 4'","Parts","0.00","31.00"
"Columbia Tools","BH9-42","Brake Connecing Strap - 42""","Parts","0.00","29.00"
"Columbia Tools","BH9-5","Brake Connecting Strap - 5'","Parts","0.00","33.00"
"Columbia Tools","BH9-6","Brake Connecting Strap -6'","Parts","0.00","35.00"
"Columbia Tools","FA202","1/16 X 1/2"" Cotter Pin","Parts","0.00","1.00"
"Columbia Tools","FA276","10-24 x 7/8"" Pan Slot","Parts","0.00","3.35"
"Columbia Tools","FA302","1/4-28 x 1/4"" Set Screw","Parts","0.00","3.85"
"Columbia Tools","FA311","Columbia FA311 1/4-28 X 1/2"" Socket Head","Parts","0.00","2.00"
"Columbia Tools","FA312","10-24 X 1/4"" Socket Hand Set","Parts","0.00","2.85"
"Columbia Tools","FA259","Columbia FA259 8-32 X 5/16"" Binder Slot","Parts","0.00","1.00"
"Columbia Tools","FA315","Columbia FA315 10-32 X 3/8"" Flat Socket Head","Parts","0.00","2.00"
"Columbia Tools","FA316","10-32 X 1/2"" Flat Socket Head","Parts","0.00","2.00"
"Columbia Tools","FA320","1/4-28-3/8"" Socket Set Screw","Parts","0.00","2.00"
"Columbia Tools","HH2","Upper Mounting Bracket","Parts","0.00","66.00"
"Columbia Tools","HH7","Brake","Parts","0.00","22.00"
"Columbia Tools","HH9","Coiled Hydraulic Line","Parts","0.00","40.00"
"Columbia Tools","HH10A","Top Cap","Parts","0.00","2.00"
"Columbia Tools","HH10B","Bottom Cap","Parts","0.00","2.00"
"Columbia Tools","HH12","Brake Spring","Parts","0.00","5.00"
"Columbia Tools","HH13","Brake Pin","Parts","0.00","16.00"
"Columbia Tools","HH14","Brake Piston","Parts","0.00","17.00"
"Columbia Tools","HH15","Grip Sleeve Octagon","Parts","0.00","15.00"
"Columbia Tools","HH16","Piston Housing","Parts","0.00","27.00"
"Columbia Tools","HH16A","Bleeder Screw","Parts","0.00","17.00"
"Columbia Tools","HH17A","Brass Connector 1","Parts","0.00","5.00"
"Columbia Tools","HH17B","Brass Connector 2","Parts","0.00","5.00"
"Columbia Tools","HH17C","Line Pincher","Parts","0.00","4.00"
"Columbia Tools","HH19","Cap","Parts","0.00","17.00"
"Columbia Tools","HH23","Piston O-Ring","Parts","0.00","2.00"
"Columbia Tools","CR1","Head Casting","Parts","0.00","39.00"
"Columbia Tools","CR2","Roller (2 piece - nylatron/steel)","Parts","0.00","12.00"
"Columbia Tools","CR-3","Bearing Sleeve","Parts","0.00","19.99"
"Columbia Tools","CR4","Cut Washer","Parts","0.00","3.00"
"Columbia Tools","CR6","Handle Mounting Swivel","Parts","0.00","24.95"
"Columbia Tools","CR11","Handle Connecting Link","Parts","0.00","18.95"
"Columbia Tools","CR12","Swivel Coupling Pin","Parts","0.00","12.50"
"Columbia Tools","FA288","1/4"" X 3/4"" Split Pin","Parts","0.00","2.25"
"Columbia Tools","FA299","1/4-20 x 1 1/2"" Pan Phillips","Parts","0.00","4.00"
