"row_index","sku","name","brand","old_regular_price","new_regular_price","source","source_variant_sku","source_variant_title","source_product_title","source_url","match_score","match_type"
"100","PDDM","Columbia Phantom DDM Sander","Columbia Tools","","525.00","csrbuilding.com","08PDDM","Default Title","Columbia The Phantom Sander","https://csrbuilding.com/en-us/products/columbia-the-phantom-sander","98","normalized_sku_or_variant_part_token"
"134","TCS","Columbia Tool Case - Gun Case","Columbia Tools","","225.00","csrbuilding.com","08TCS","Default Title","Columbia Semi-Auto Tool Case By Flambeau","https://csrbuilding.com/en-us/products/columbia-semi-auto-tool-case","98","normalized_sku_or_variant_part_token"
"141","TL-3-8","Columbia Twist Lock Handle w PHA","Columbia Tools","","91.93","csrbuilding.com","08TL3-8","Default Title","Columbia Twist and Lock Handle 3' - 8'","https://csrbuilding.com/en-us/products/columbia-twist-and-lock-handle-3-8","98","normalized_sku_or_variant_part_token"
"351","FA216","4-40 X 3/8” Fillister Slot","Columbia Tools","","2.00","csrbuilding.com","08FA216","FA216 - 4-40 X 3/8” Fillister Slot","Columbia Flat Finishing Box Repair Parts","https://csrbuilding.com/en-us/products/columbia-flat-finishing-box-repair-parts","190","normalized_sku_or_variant_part_token"
"354","FA233","6-32 Nyloc Nut","Columbia Tools","","1.78","csrbuilding.com","08FA233","FA233 - 6-32 Nyloc Nut","Columbia Flat Finishing Box Repair Parts","https://csrbuilding.com/en-us/products/columbia-flat-finishing-box-repair-parts","190","normalized_sku_or_variant_part_token"
"355","FA238","6-32 X 3/16"" Fillister Slot","Columbia Tools","","1.40","csrbuilding.com","08FA238","FA238 - 6-32 X 3/16"" Fillister Slot","Columbia Flat Finishing Box Repair Parts","https://csrbuilding.com/en-us/products/columbia-flat-finishing-box-repair-parts","190","normalized_sku_or_variant_part_token"
"356","FA239","6-32 X 1/4"" Binder Slot","Columbia Tools","","0.64","csrbuilding.com","08FA239","FA239 - 6-32 X 1/4"" Binder Slot","Columbia Flat Finishing Box Repair Parts","https://csrbuilding.com/en-us/products/columbia-flat-finishing-box-repair-parts","190","normalized_sku_or_variant_part_token"
"357","FA241","6-32 X 3/8"" Binder Slot","Columbia Tools","","0.64","csrbuilding.com","08FA241","FA241 - 6-32 X 3/8"" Binder Slot","Columbia Flat Finishing Box Repair Parts","https://csrbuilding.com/en-us/products/columbia-flat-finishing-box-repair-parts","190","normalized_sku_or_variant_part_token"
"359","FA258","8-32X 1/4 Half Dog Set","Columbia Tools","","1.78","csrbuilding.com","08FA258","FA258 - 8-32 x 1/4"" Half Dog Set","Columbia Matrix Handle Repair Parts","https://csrbuilding.com/en-us/products/columbia-matrix-handle-repair-parts","190","normalized_sku_or_variant_part_token"
"361","FA271","10-24 Nyloc Nut","Columbia Tools","","1.78","csrbuilding.com","08FA271","FA271 - 10-24 Nyloc Nut","Columbia Flat Finishing Box Repair Parts","https://csrbuilding.com/en-us/products/columbia-flat-finishing-box-repair-parts","190","normalized_sku_or_variant_part_token"
"362","FA272","10-24 Wing Nut","Columbia Tools","","1.78","csrbuilding.com","08FA272","FA272 - 10-24 Wing Nut","Columbia Flat Finishing Box Repair Parts","https://csrbuilding.com/en-us/products/columbia-flat-finishing-box-repair-parts","190","normalized_sku_or_variant_part_token"
"364","FA280","#10 Belleville Washer","Columbia Tools","","0.64","csrbuilding.com","08FA280","FA280 - #10 Belleville Washer","Columbia Flat Finishing Box Repair Parts","https://csrbuilding.com/en-us/products/columbia-flat-finishing-box-repair-parts","190","normalized_sku_or_variant_part_token"
"365","FFB4A","Stainless Steel Washer","Columbia Tools","","5.61","csrbuilding.com","08FFB4A","FFB4A - Stainless Steel Washer","Columbia Flat Finishing Box Repair Parts","https://csrbuilding.com/en-us/products/columbia-flat-finishing-box-repair-parts","190","normalized_sku_or_variant_part_token"
"366","FFB4B","Stainless Steel Backing Washer","Columbia Tools","","4.92","csrbuilding.com","08FFB4B","FFB4B - Stainless Steel Backing Washer","Columbia Flat Finishing Box Repair Parts","https://csrbuilding.com/en-us/products/columbia-flat-finishing-box-repair-parts","190","normalized_sku_or_variant_part_token"
"367","FFB5-7","Axle - 7""","Columbia Tools","","56.14","csrbuilding.com","08FFB5-7","FFB5-7 - Axle - 7""","Columbia Flat Finishing Box Repair Parts","https://csrbuilding.com/en-us/products/columbia-flat-finishing-box-repair-parts","190","normalized_sku_or_variant_part_token"
"368","FFB5-8","Axle - 8""","Columbia Tools","","55.69","csrbuilding.com","08FFB5-8","FFB5-8 - Axle - 8""","Columbia Flat Finishing Box Repair Parts","https://csrbuilding.com/en-us/products/columbia-flat-finishing-box-repair-parts","190","normalized_sku_or_variant_part_token"
"369","FFB5-10","Axle - 10""","Columbia Tools","","56.14","csrbuilding.com","08FFB5-10","FFB5-10 - Axle - 10""","Columbia Flat Finishing Box Repair Parts","https://csrbuilding.com/en-us/products/columbia-flat-finishing-box-repair-parts","190","normalized_sku_or_variant_part_token"
"370","FFB5-12","Axle - 12""","Columbia Tools","","56.14","csrbuilding.com","08FFB5-12","FFB5-12 - Axle - 12""","Columbia Flat Finishing Box Repair Parts","https://csrbuilding.com/en-us/products/columbia-flat-finishing-box-repair-parts","190","normalized_sku_or_variant_part_token"
"371","FFB5-14","Axle - 14""","Columbia Tools","","56.14","csrbuilding.com","08FFB5-14","FFB5-14 - Axle - 14""","Columbia Flat Finishing Box Repair Parts","https://csrbuilding.com/en-us/products/columbia-flat-finishing-box-repair-parts","190","normalized_sku_or_variant_part_token"
"372","FFB5A","Axel Bushing","Columbia Tools","","3.37","csrbuilding.com","08FFB5A","FFB5A - Axel Bushing","Columbia Flat Finishing Box Repair Parts","https://csrbuilding.com/en-us/products/columbia-flat-finishing-box-repair-parts","190","normalized_sku_or_variant_part_token"
"375","FFB8","Bar Retainer Clip","Columbia Tools","","2.35","csrbuilding.com","08FFB8","FFB8 - Bar Retainer Clip","Columbia Flat Finishing Box Repair Parts","https://csrbuilding.com/en-us/products/columbia-flat-finishing-box-repair-parts","190","normalized_sku_or_variant_part_token"
"382","FFB11-8","Adjuster Spring - 8""","Columbia Tools","","9.33","csrbuilding.com","08FFB11-8","FFB11-8 - Adjuster Spring - 8""","Columbia Flat Finishing Box Repair Parts","https://csrbuilding.com/en-us/products/columbia-flat-finishing-box-repair-parts","190","normalized_sku_or_variant_part_token"
"383","FFB11-10","Adjuster Spring - 10""","Columbia Tools","","9.33","csrbuilding.com","08FFB11-10","FFB11-10 - Adjuster Spring - 10""","Columbia Flat Finishing Box Repair Parts","https://csrbuilding.com/en-us/products/columbia-flat-finishing-box-repair-parts","190","normalized_sku_or_variant_part_token"
"384","FFB11-12","Adjuster Spring - 12""","Columbia Tools","","9.13","csrbuilding.com","08FFB11-12","FFB11-12 - Adjuster Spring - 12""","Columbia Flat Finishing Box Repair Parts","https://csrbuilding.com/en-us/products/columbia-flat-finishing-box-repair-parts","190","normalized_sku_or_variant_part_token"
"385","FFB16","Door Spring Nut","Columbia Tools","","6.33","csrbuilding.com","08FFB16","FFB16 - Door Spring Nut","Columbia Flat Finishing Box Repair Parts","https://csrbuilding.com/en-us/products/columbia-flat-finishing-box-repair-parts","190","normalized_sku_or_variant_part_token"
"386","FFB17","Door Spring","Columbia Tools","","5.76","csrbuilding.com","08FFB17","FFB17 - Door Spring","Columbia Flat Finishing Box Repair Parts","https://csrbuilding.com/en-us/products/columbia-flat-finishing-box-repair-parts","190","normalized_sku_or_variant_part_token"
"389","FFB32","Door Stop","Columbia Tools","","3.37","csrbuilding.com","08FFB32","FFB32 - Door Stop","Columbia Flat Finishing Box Repair Parts","https://csrbuilding.com/en-us/products/columbia-flat-finishing-box-repair-parts","190","normalized_sku_or_variant_part_token"
"391","FFB36","Box Wheel","Columbia Tools","","5.97","csrbuilding.com","08FFB36","FFB36 - Box Wheel","Columbia Flat Finishing Box Repair Parts","https://csrbuilding.com/en-us/products/columbia-flat-finishing-box-repair-parts","190","normalized_sku_or_variant_part_token"
"392","FFB37","Rubber for Box Wheel","Columbia Tools","","1.55","csrbuilding.com","08FFB37","FFB37 - Rubber for Box Wheel","Columbia Flat Finishing Box Repair Parts","https://csrbuilding.com/en-us/products/columbia-flat-finishing-box-repair-parts","190","normalized_sku_or_variant_part_token"
"393","FFB38","Nyliner Bearing","Columbia Tools","","1.74","csrbuilding.com","08FFB38","FFB38 - Nyliner Bearing","Columbia Flat Finishing Box Repair Parts","https://csrbuilding.com/en-us/products/columbia-flat-finishing-box-repair-parts","190","normalized_sku_or_variant_part_token"
"394","FFB39","Hex Bolt","Columbia Tools","","3.37","csrbuilding.com","08FFB39","FFB39 - Hex Bolt","Columbia Flat Finishing Box Repair Parts","https://csrbuilding.com/en-us/products/columbia-flat-finishing-box-repair-parts","190","normalized_sku_or_variant_part_token"
"395","HFFB1A-10","Mud Seal Strip - 10""","Columbia Tools","","12.65","csrbuilding.com","08HFFB1A-10","HFFB1A-10 - Mud Seal Strip - 10""","Columbia Flat Finishing Box Repair Parts","https://csrbuilding.com/en-us/products/columbia-flat-finishing-box-repair-parts","190","normalized_sku_or_variant_part_token"
"396","HFFB3","Hinge Box End Plate-Right","Columbia Tools","","45.81","csrbuilding.com","08HFFB3","HFFB3 - Hinge Box End Plate-Right","Columbia Flat Finishing Box Repair Parts","https://csrbuilding.com/en-us/products/columbia-flat-finishing-box-repair-parts","190","normalized_sku_or_variant_part_token"
"397","HFFB3A","Hinge Box End Plate- Left","Columbia Tools","","45.81","csrbuilding.com","08HFFB3A","HFFB3A - Hinge Box End Plate- Left","Columbia Flat Finishing Box Repair Parts","https://csrbuilding.com/en-us/products/columbia-flat-finishing-box-repair-parts","190","normalized_sku_or_variant_part_token"
"398","HFFB4D","Nylatron Bushing","Columbia Tools","","2.82","csrbuilding.com","08HFFB4D","HFFB4D - Nylatron Bushing","Columbia Flat Finishing Box Repair Parts","https://csrbuilding.com/en-us/products/columbia-flat-finishing-box-repair-parts","190","normalized_sku_or_variant_part_token"
"400","HFFB14-10","10"" Flat Box Hinged Door Gasket","Columbia Tools","","54.19","csrbuilding.com","08HFFB14-10","HFFB14-10 - 10"" Flat Box Hinged Door Gasket","Columbia Flat Finishing Box Repair Parts","https://csrbuilding.com/en-us/products/columbia-flat-finishing-box-repair-parts","190","normalized_sku_or_variant_part_token"
"401","HFFB14-12","12"" Flat Box Hinged Door Gasket","Columbia Tools","","54.19","csrbuilding.com","08HFFB14-12","HFFB14-12 - 12"" Flat Box Hinged Door Gasket","Columbia Flat Finishing Box Repair Parts","https://csrbuilding.com/en-us/products/columbia-flat-finishing-box-repair-parts","190","normalized_sku_or_variant_part_token"
"402","HFFB14-14","14"" Flat Box Hinged Door Gasket","Columbia Tools","","54.19","csrbuilding.com","08HFFB14-14","HFFB14-14 - 14"" Flat Box Hinged Door Gasket","Columbia Flat Finishing Box Repair Parts","https://csrbuilding.com/en-us/products/columbia-flat-finishing-box-repair-parts","190","normalized_sku_or_variant_part_token"
"403","CT2","Insert Bushing for CT#7A","Columbia Tools","","5.41","csrbuilding.com","08CT2","CT2 - Insert Bushing for CT#7A","Columbia Automatic Taper Head Repair Parts","https://csrbuilding.com/en-us/products/columbia-automatic-taper-head-repair-parts","190","normalized_sku_or_variant_part_token"
"404","CT3","Right Insert Bushing (includes CT4)","Columbia Tools","","15.44","csrbuilding.com","08CT3","CT3 - Right Insert Bushing (includes CT4)","Columbia Automatic Taper Head Repair Parts","https://csrbuilding.com/en-us/products/columbia-automatic-taper-head-repair-parts","190","normalized_sku_or_variant_part_token"
"406","CT4","Left Wafer Bushing","Columbia Tools","","1.69","csrbuilding.com","08CT4","CT4 - Left Wafer Bushing","Columbia Automatic Taper Head Repair Parts","https://csrbuilding.com/en-us/products/columbia-automatic-taper-head-repair-parts","190","normalized_sku_or_variant_part_token"
"411","CT13","Dog Base Bracket","Columbia Tools","","20.09","csrbuilding.com","08CT13","CT13 - Dog Base Bracket","Columbia Automatic Taper Head Repair Parts","https://csrbuilding.com/en-us/products/columbia-automatic-taper-head-repair-parts","190","normalized_sku_or_variant_part_token"
"413","CT15","Ratchet Rod for Adjustable Brake","Columbia Tools","","7.73","csrbuilding.com","08CT15","CT15 - Ratchet Rod for Adjustable Brake","Columbia Automatic Taper Head Repair Parts","https://csrbuilding.com/en-us/products/columbia-automatic-taper-head-repair-parts","190","normalized_sku_or_variant_part_token"
"414","CT16","Brake Dog","Columbia Tools","","19.39","csrbuilding.com","08CT16","CT16 - Brake Dog","Columbia Automatic Taper Head Repair Parts","https://csrbuilding.com/en-us/products/columbia-automatic-taper-head-repair-parts","190","normalized_sku_or_variant_part_token"
"419","CT29A","Left Nylatron Chain Roller (large)","Columbia Tools","","4.21","csrbuilding.com","08CT29A","CT29A - Left Nylatron Chain Roller (large)","Columbia Automatic Taper Head Repair Parts","https://csrbuilding.com/en-us/products/columbia-automatic-taper-head-repair-parts","190","normalized_sku_or_variant_part_token"
"420","CT31","Chain Tension & Guide Bracket","Columbia Tools","","7.58","csrbuilding.com","08CT31","CT31 - Chain Tension & Guide Bracket","Columbia Automatic Taper Head Repair Parts","https://csrbuilding.com/en-us/products/columbia-automatic-taper-head-repair-parts","190","normalized_sku_or_variant_part_token"
"421","CT35","Cap Reinforcing Tab","Columbia Tools","","4.21","csrbuilding.com","08CT35","CT35 - Cap Reinforcing Tab","Columbia Automatic Taper Head Repair Parts","https://csrbuilding.com/en-us/products/columbia-automatic-taper-head-repair-parts","190","normalized_sku_or_variant_part_token"
"422","CT36","Return Spring Tube","Columbia Tools","","42.11","csrbuilding.com","08CT36","CT36 - Return Spring Tube","Columbia Automatic Taper Head Repair Parts","https://csrbuilding.com/en-us/products/columbia-automatic-taper-head-repair-parts","190","normalized_sku_or_variant_part_token"
"423","CT40","Return Spring Ring","Columbia Tools","","1.69","csrbuilding.com","08CT40","CT40 - Return Spring Ring","Columbia Automatic Taper Head Repair Parts","https://csrbuilding.com/en-us/products/columbia-automatic-taper-head-repair-parts","190","normalized_sku_or_variant_part_token"
"424","CT42A","Diamond Blade","Columbia Tools","","2.35","csrbuilding.com","08CT42A","CT42A - Diamond Blade","Columbia Automatic Taper Head Repair Parts","https://csrbuilding.com/en-us/products/columbia-automatic-taper-head-repair-parts","190","normalized_sku_or_variant_part_token"
"428","CT50","Crimping Wheel Bushing","Columbia Tools","","7.73","csrbuilding.com","08CT50","CT50 - Crimping Wheel Bushing","Columbia Automatic Taper Head Repair Parts","https://csrbuilding.com/en-us/products/columbia-automatic-taper-head-repair-parts","190","normalized_sku_or_variant_part_token"
"430","CT54","Return Spring","Columbia Tools","","3.88","csrbuilding.com","08CT54","CT54 - Return Spring","Columbia Automatic Taper Head Repair Parts","https://csrbuilding.com/en-us/products/columbia-automatic-taper-head-repair-parts","190","normalized_sku_or_variant_part_token"
"431","CT55","Carriage Guide Rod","Columbia Tools","","15.51","csrbuilding.com","08CT55","CT55 - Carriage Guide Rod","Columbia Automatic Taper Head Repair Parts","https://csrbuilding.com/en-us/products/columbia-automatic-taper-head-repair-parts","190","normalized_sku_or_variant_part_token"
"432","CT56","Carriage Guide Rod Stop","Columbia Tools","","8.43","csrbuilding.com","08CT56","CT56 - Carriage Guide Rod Stop","Columbia Automatic Taper Head Repair Parts","https://csrbuilding.com/en-us/products/columbia-automatic-taper-head-repair-parts","190","normalized_sku_or_variant_part_token"
"433","CT57","Tape Advance Carriage","Columbia Tools","","105.48","csrbuilding.com","08CT57","CT57 - Tape Advance Carriage","Columbia Automatic Taper Head Repair Parts","https://csrbuilding.com/en-us/products/columbia-automatic-taper-head-repair-parts","190","normalized_sku_or_variant_part_token"
"434","CT58","Guide Rod Bushing","Columbia Tools","","9.83","csrbuilding.com","08CT58","CT58 - Guide Rod Bushing","Columbia Automatic Taper Head Repair Parts","https://csrbuilding.com/en-us/products/columbia-automatic-taper-head-repair-parts","190","normalized_sku_or_variant_part_token"
"435","CT62","Needle Holding Shaft","Columbia Tools","","20.36","csrbuilding.com","08CT62","CT62 - Needle Holding Shaft","Columbia Automatic Taper Head Repair Parts","https://csrbuilding.com/en-us/products/columbia-automatic-taper-head-repair-parts","190","normalized_sku_or_variant_part_token"
"436","CT63","Needle","Columbia Tools","","1.55","csrbuilding.com","08CT63","CT63 - Needle","Columbia Automatic Taper Head Repair Parts","https://csrbuilding.com/en-us/products/columbia-automatic-taper-head-repair-parts","190","normalized_sku_or_variant_part_token"
"437","CT64","Needle Return Shaft","Columbia Tools","","6.72","csrbuilding.com","08CT64","CT64 - Needle Return Shaft","Columbia Automatic Taper Head Repair Parts","https://csrbuilding.com/en-us/products/columbia-automatic-taper-head-repair-parts","190","normalized_sku_or_variant_part_token"
"438","CT65","Needle Return Spring","Columbia Tools","","4.57","csrbuilding.com","08CT65","CT65 - Needle Return Spring","Columbia Automatic Taper Head Repair Parts","https://csrbuilding.com/en-us/products/columbia-automatic-taper-head-repair-parts","190","normalized_sku_or_variant_part_token"
"440","CT68","Hub","Columbia Tools","","18.63","csrbuilding.com","08CT68","CT68 - Hub","Columbia Automatic Taper Head Repair Parts","https://csrbuilding.com/en-us/products/columbia-automatic-taper-head-repair-parts","190","normalized_sku_or_variant_part_token"
"441","CT70","Drive Shaft","Columbia Tools","","42.11","csrbuilding.com","08CT70","CT70 - Drive Shaft","Columbia Automatic Taper Head Repair Parts","https://csrbuilding.com/en-us/products/columbia-automatic-taper-head-repair-parts","190","normalized_sku_or_variant_part_token"
"442","CT71","Drive Sprocket - Small","Columbia Tools","","18.63","csrbuilding.com","08CT71","CT71 - Drive Sprocket - Small","Columbia Automatic Taper Head Repair Parts","https://csrbuilding.com/en-us/products/columbia-automatic-taper-head-repair-parts","190","normalized_sku_or_variant_part_token"
"443","CT72","Cable","Columbia Tools","","12.03","csrbuilding.com","08CT72","CT72 - Cable","Columbia Automatic Taper Body Repair Parts","https://csrbuilding.com/en-us/products/columbia-automatic-taper-body-repair-parts","190","normalized_sku_or_variant_part_token"
"447","CT78","Drive Chain","Columbia Tools","","84.21","csrbuilding.com","08CT78","CT78 - Drive Chain","Columbia Automatic Taper Head Repair Parts","https://csrbuilding.com/en-us/products/columbia-automatic-taper-head-repair-parts","190","normalized_sku_or_variant_part_token"
"450","CT81","Clutch Return Spring","Columbia Tools","","3.37","csrbuilding.com","08CT81","CT81 - Clutch Return Spring","Columbia Automatic Taper Head Repair Parts","https://csrbuilding.com/en-us/products/columbia-automatic-taper-head-repair-parts","190","normalized_sku_or_variant_part_token"
"452","CT83","Clutch Dog","Columbia Tools","","3.88","csrbuilding.com","08CT83","CT83 - Clutch Dog","Columbia Automatic Taper Head Repair Parts","https://csrbuilding.com/en-us/products/columbia-automatic-taper-head-repair-parts","190","normalized_sku_or_variant_part_token"
"453","CT85","Clutch Release Shaft","Columbia Tools","","50.53","csrbuilding.com","08CT85","CT85 - Clutch Release Shaft","Columbia Automatic Taper Head Repair Parts","https://csrbuilding.com/en-us/products/columbia-automatic-taper-head-repair-parts","190","normalized_sku_or_variant_part_token"
"455","CT87","Engraved Cover Plate Cap","Columbia Tools","","54.05","csrbuilding.com","08CT87","CT87 - Engraved Cover Plate Cap","Columbia Automatic Taper Head Repair Parts","https://csrbuilding.com/en-us/products/columbia-automatic-taper-head-repair-parts","190","normalized_sku_or_variant_part_token"
"461","CT92","Release Clip Bushing","Columbia Tools","","12.63","csrbuilding.com","08CT92","CT92 - Release Clip Bushing","Columbia Automatic Taper Head Repair Parts","https://csrbuilding.com/en-us/products/columbia-automatic-taper-head-repair-parts","190","normalized_sku_or_variant_part_token"
"463","CT96","Mud Shut-Off Gasket","Columbia Tools","","4.21","csrbuilding.com","08CT96","CT96 - Mud Shut-Off Gasket","Columbia Automatic Taper Head Repair Parts","https://csrbuilding.com/en-us/products/columbia-automatic-taper-head-repair-parts","190","normalized_sku_or_variant_part_token"
"467","FA199","2-56 x 3/16"" Binder Slot","Columbia Tools","","0.64","csrbuilding.com","08FA199","FA199 - 2-56 x 3/16"" Binder Slot","Columbia Automatic Taper Head Repair Parts","https://csrbuilding.com/en-us/products/columbia-automatic-taper-head-repair-parts","190","normalized_sku_or_variant_part_token"
"468","FA200","1/16 x 1/4"" Split Pin","Columbia Tools","","0.64","csrbuilding.com","08FA200","FA200 - 1/16 x 1/4"" Split Pin","Columbia Automatic Taper Head Repair Parts","https://csrbuilding.com/en-us/products/columbia-automatic-taper-head-repair-parts","190","normalized_sku_or_variant_part_token"
"469","FA203","1/16 x 3/4"" Cotter Pin","Columbia Tools","","0.64","csrbuilding.com","08FA203","FA203 - 1/16 x 3/4"" Cotter Pin","Columbia Automatic Taper Head Repair Parts","https://csrbuilding.com/en-us/products/columbia-automatic-taper-head-repair-parts","190","normalized_sku_or_variant_part_token"
"470","FA206","4-40 Hex Nut","Columbia Tools","","1.78","csrbuilding.com","08FA206","FA206 - 4-40 Hex Nut","Columbia Automatic Taper Head Repair Parts","https://csrbuilding.com/en-us/products/columbia-automatic-taper-head-repair-parts","190","normalized_sku_or_variant_part_token"
"473","FA210","4-40 x 3/16"" Binder Slot","Columbia Tools","","0.64","csrbuilding.com","08FA210","FA210 - 4-40 x 3/16"" Binder Slot","Columbia Automatic Taper Head Repair Parts","https://csrbuilding.com/en-us/products/columbia-automatic-taper-head-repair-parts","190","normalized_sku_or_variant_part_token"
"474","FA212","4-40 x 3/16"" Truss Slot","Columbia Tools","","0.64","csrbuilding.com","08FA212","FA212 - 4-40 x 3/16"" Truss Slot","Columbia Automatic Taper Head Repair Parts","https://csrbuilding.com/en-us/products/columbia-automatic-taper-head-repair-parts","190","normalized_sku_or_variant_part_token"
"475","FA213","4-40 x 1/4"" Binder Slot","Columbia Tools","","0.64","csrbuilding.com","08FA213","FA213 - 4-40 x 1/4"" Binder Slot","Columbia Corner Flusher Box Repair Parts","https://csrbuilding.com/en-us/products/columbia-corner-flusher-box-repair-parts","190","normalized_sku_or_variant_part_token"
"476","FA214","4-40 x 1/4"" Flat Slot","Columbia Tools","","0.64","csrbuilding.com","08FA214","FA214 - 4-40 x 1/4"" Flat Slot","Columbia Automatic Taper Head Repair Parts","https://csrbuilding.com/en-us/products/columbia-automatic-taper-head-repair-parts","190","normalized_sku_or_variant_part_token"
"478","FA219","4-40 x 1/2"" Fillister Slot","Columbia Tools","","0.64","csrbuilding.com","08FA219","FA219 - 4-40 X 1/2"" Fillister Slot","Columbia Corner Flusher Box Repair Parts","https://csrbuilding.com/en-us/products/columbia-corner-flusher-box-repair-parts","190","normalized_sku_or_variant_part_token"
"481","FA228","#6 Flat Washer","Columbia Tools","","0.64","csrbuilding.com","08FA228","FA228 - #6 Flat Washer","Columbia Hinged Nailspotter Repair Parts","https://csrbuilding.com/en-us/products/columbia-hinged-nailspotter-repair-parts","190","normalized_sku_or_variant_part_token"
"482","FA229","#6 Lock Washer","Columbia Tools","","0.64","csrbuilding.com","08FA229","FA229 - #6 Lock Washer","Columbia Matrix Handle Repair Parts","https://csrbuilding.com/en-us/products/columbia-matrix-handle-repair-parts","190","normalized_sku_or_variant_part_token"
"483","FA230","#6 Star Washer","Columbia Tools","","0.64","csrbuilding.com","08FA230","FA230 - #6 Star Washer","Columbia Automatic Taper Head Repair Parts","https://csrbuilding.com/en-us/products/columbia-automatic-taper-head-repair-parts","190","normalized_sku_or_variant_part_token"
"485","FA243","6-32 x 3/8"" Flat Slot","Columbia Tools","","0.64","csrbuilding.com","08FA243","FA243 - 6-32 x 3/8"" Flat Slot","Columbia Automatic Taper Head Repair Parts","https://csrbuilding.com/en-us/products/columbia-automatic-taper-head-repair-parts","190","normalized_sku_or_variant_part_token"
"486","FA244","6-32 x 1/2"" Pan Slot","Columbia Tools","","0.64","csrbuilding.com","08FA244","FA244 - 6-32 x 1/2"" Pan Slot","Columbia Automatic Taper Head Repair Parts","https://csrbuilding.com/en-us/products/columbia-automatic-taper-head-repair-parts","190","normalized_sku_or_variant_part_token"
"489","FA254","8-32 Nyloc Nut","Columbia Tools","","1.78","csrbuilding.com","08FA254","FA254 - 8-32 Nyloc Nut","Columbia Hinged Nailspotter Repair Parts","https://csrbuilding.com/en-us/products/columbia-hinged-nailspotter-repair-parts","190","normalized_sku_or_variant_part_token"
"490","FA257","8-32 x 1/4"" Fillister Slot","Columbia Tools","","0.64","csrbuilding.com","08FA257","FA257 - 8-32 X 1/4"" Fillister Slot","Columbia 180 Grip Box Handle Repair Parts","https://csrbuilding.com/en-us/products/columbia-180-grip-box-handle-repair-parts","190","normalized_sku_or_variant_part_token"
"491","FA264","8-32 x 5/8"" Truss Slot","Columbia Tools","","0.83","csrbuilding.com","08FA264","FA264 - 8-32 x 5/8"" Truss Slot","Columbia Automatic Taper Head Repair Parts","https://csrbuilding.com/en-us/products/columbia-automatic-taper-head-repair-parts","190","normalized_sku_or_variant_part_token"
"492","FA265","8-32 x 3/4"" Truss Slot","Columbia Tools","","0.64","csrbuilding.com","08FA265","FA265 - 8-32 X 3/4"" Truss Slot","Columbia 180 Grip Box Handle Repair Parts","https://csrbuilding.com/en-us/products/columbia-180-grip-box-handle-repair-parts","190","normalized_sku_or_variant_part_token"
"494","AH1-2","Head Casting -2""","Columbia Tools","","196.50","csrbuilding.com","08AH1-2","AH1-2 - Head Casting -2""","Columbia Angle Head Repair Parts","https://csrbuilding.com/en-us/products/columbia-angle-head-repair-parts","190","normalized_sku_or_variant_part_token"
"496","AH1-3","Head Casting -3""","Columbia Tools","","196.50","csrbuilding.com","08AH1-3","AH1-3 - Head Casting -3""","Columbia Angle Head Repair Parts","https://csrbuilding.com/en-us/products/columbia-angle-head-repair-parts","190","normalized_sku_or_variant_part_token"
"497","AH1-3.5","Head Casting - 3.5""","Columbia Tools","","196.50","csrbuilding.com","08AH1-3.5","AH1-3.5 - Head Casting - 3.5""","Columbia Angle Head Repair Parts","https://csrbuilding.com/en-us/products/columbia-angle-head-repair-parts","190","normalized_sku_or_variant_part_token"
"498","AH1A","Spring Housing","Columbia Tools","","10.04","csrbuilding.com","08AH1A","AH1A - Spring Housing","Columbia Angle Head Repair Parts","https://csrbuilding.com/en-us/products/columbia-angle-head-repair-parts","190","normalized_sku_or_variant_part_token"
"499","AH1B","Return Spring","Columbia Tools","","2.89","csrbuilding.com","08AH1B","AH1B - Return Spring","Columbia Angle Head Repair Parts","https://csrbuilding.com/en-us/products/columbia-angle-head-repair-parts","190","normalized_sku_or_variant_part_token"
"501","AH3-2.5","2.5"" Top Blade","Columbia Tools","","31.56","csrbuilding.com","08AH3-2.5","AH3-2.5 - 2.5"" Top Blade","Columbia Angle Head Repair Parts","https://csrbuilding.com/en-us/products/columbia-angle-head-repair-parts","190","normalized_sku_or_variant_part_token"
"503","AH3-3.5","3.5"" Top Blade","Columbia Tools","","31.56","csrbuilding.com","08AH3-3.5","AH3-3.5 - 3.5"" Top Blade","Columbia Angle Head Repair Parts","https://csrbuilding.com/en-us/products/columbia-angle-head-repair-parts","190","normalized_sku_or_variant_part_token"
"505","AH5","Frame Retainer Clip","Columbia Tools","","2.11","csrbuilding.com","08AH5","AH5 - Frame Retainer Clip","Columbia Angle Head Repair Parts","https://csrbuilding.com/en-us/products/columbia-angle-head-repair-parts","190","normalized_sku_or_variant_part_token"
"506","AH6A","Funnel Retainer Clip","Columbia Tools","","24.06","csrbuilding.com","08AH6A","AH6A - Funnel Retainer Clip","Columbia Angle Head Repair Parts","https://csrbuilding.com/en-us/products/columbia-angle-head-repair-parts","190","normalized_sku_or_variant_part_token"
"508","AH7-2.5","Frame Tension Spring- 2.5""","Columbia Tools","","1.69","csrbuilding.com","08AH7-2.5","AH7-2.5 - Frame Tension Spring- 2.5""","Columbia Angle Head Repair Parts","https://csrbuilding.com/en-us/products/columbia-angle-head-repair-parts","190","normalized_sku_or_variant_part_token"
"511","AH8","Top Retainer Corner Clip","Columbia Tools","","9.13","csrbuilding.com","08AH8","AH8 - Top Retainer Corner Clip","Columbia Angle Head Repair Parts","https://csrbuilding.com/en-us/products/columbia-angle-head-repair-parts","190","normalized_sku_or_variant_part_token"
"513","AH9","Bottom Retainer Corner Clip","Columbia Tools","","12.63","csrbuilding.com","08AH9","AH9 - Bottom Retainer Corner Clip","Columbia Angle Head Repair Parts","https://csrbuilding.com/en-us/products/columbia-angle-head-repair-parts","190","normalized_sku_or_variant_part_token"
"515","AH18","Socket Wear Cap","Columbia Tools","","11.22","csrbuilding.com","08AH18","AH18 - Socket Wear Cap","Columbia Angle Head Repair Parts","https://csrbuilding.com/en-us/products/columbia-angle-head-repair-parts","190","normalized_sku_or_variant_part_token"
"516","FA227","6-32 X 1/4"" Flat Slot","Columbia Tools","","2.00","csrbuilding.com","08FA227","FA227 - 6-32 X 1/4"" Flat Slot","Columbia Angle Head Repair Parts","https://csrbuilding.com/en-us/products/columbia-angle-head-repair-parts","190","normalized_sku_or_variant_part_token"
"517","FA235","6-32 X 1/8"" Set Screw","Columbia Tools","","1.57","csrbuilding.com","08FA235","FA235 - 6-32 X 1/8"" Set Screw","Columbia Angle Head Repair Parts","https://csrbuilding.com/en-us/products/columbia-angle-head-repair-parts","190","normalized_sku_or_variant_part_token"
"518","FA236","6-32 X 1/8"" Binder Slot","Columbia Tools","","0.64","csrbuilding.com","08FA236","FA236 - 6-32 X 1/8"" Binder Slot","Columbia Angle Head Repair Parts","https://csrbuilding.com/en-us/products/columbia-angle-head-repair-parts","190","normalized_sku_or_variant_part_token"
"519","FA249","8-32X3/16"" Set Screw","Columbia Tools","","1.78","csrbuilding.com","08FA249","FA249 - 8-32X3/16"" Set Screw","Columbia Hot Mud Pump Repair Parts","https://csrbuilding.com/en-us/products/columbia-hot-mud-pump-repair-parts","190","normalized_sku_or_variant_part_token"
"521","FA260","8-32 x 3/8"" Pan Slot","Columbia Tools","","0.64","csrbuilding.com","08FA260","FA260 - 8-32 x 3/8"" Pan Slot","Columbia Hot Mud Pump Repair Parts","https://csrbuilding.com/en-us/products/columbia-hot-mud-pump-repair-parts","190","normalized_sku_or_variant_part_token"
"525","FA286","1/4"" x 1/2"" Flat Washer","Columbia Tools","","0.64","csrbuilding.com","08FA286","FA286 - 1/4"" x 1/2"" Flat Washer","Columbia Hot Mud Pump Repair Parts","https://csrbuilding.com/en-us/products/columbia-hot-mud-pump-repair-parts","190","normalized_sku_or_variant_part_token"
"528","FA297","1/4-20 x 5/8"" Socket","Columbia Tools","","2.43","csrbuilding.com","08FA297","FA297 - 1/4-20 x 5/8"" Socket","Columbia Hot Mud Pump Repair Parts","https://csrbuilding.com/en-us/products/columbia-hot-mud-pump-repair-parts","190","normalized_sku_or_variant_part_token"
"530","FA301","1/4-20 x 2 1/4"" Hex Bolt","Columbia Tools","","3.24","csrbuilding.com","08FA301","FA301 - 1/4-20 x 2 1/4"" Hex Bolt","Columbia Hot Mud Pump Repair Parts","https://csrbuilding.com/en-us/products/columbia-hot-mud-pump-repair-parts","190","normalized_sku_or_variant_part_token"
"531","FA303","5-16 Flat Washer","Columbia Tools","","3.25","csrbuilding.com","08FA303","FA303 - 5-16 Flat Washer","Columbia Hot Mud Pump Repair Parts","https://csrbuilding.com/en-us/products/columbia-hot-mud-pump-repair-parts","190","normalized_sku_or_variant_part_token"
"534","FA307","5-16 x 24 Jam Nut","Columbia Tools","","2.82","csrbuilding.com","08FA307","FA307 - 5-16 x 24 Jam Nut","Columbia Hot Mud Pump Repair Parts","https://csrbuilding.com/en-us/products/columbia-hot-mud-pump-repair-parts","190","normalized_sku_or_variant_part_token"
"536","FA313","1/4-20 X 1/4 Socket Head Set Screw","Columbia Tools","","1.78","csrbuilding.com","08FA313","FA313 - 1/4-20 X 1/4 Socket Head Set Screw","Columbia Hot Mud Pump Repair Parts","https://csrbuilding.com/en-us/products/columbia-hot-mud-pump-repair-parts","190","normalized_sku_or_variant_part_token"
"537","HP1","Pump Cylinder","Columbia Tools","","65.97","csrbuilding.com","08HP1","HP1 - Pump Cylinder","Columbia Hot Mud Pump Repair Parts","https://csrbuilding.com/en-us/products/columbia-hot-mud-pump-repair-parts","190","normalized_sku_or_variant_part_token"
"538","HP44","Collar O-Ring","Columbia Tools","","2.11","csrbuilding.com","08HP44","HP44 - Collar O-Ring","Columbia Hot Mud Pump Repair Parts","https://csrbuilding.com/en-us/products/columbia-hot-mud-pump-repair-parts","190","normalized_sku_or_variant_part_token"
"539","HP45","O Ring Enclosure","Columbia Tools","","28.07","csrbuilding.com","08HP45","HP45 - O Ring Enclosure","Columbia Hot Mud Pump Repair Parts","https://csrbuilding.com/en-us/products/columbia-hot-mud-pump-repair-parts","190","normalized_sku_or_variant_part_token"
"542","HPA-48","Handle Pin Assembly","Columbia Tools","","6.18","csrbuilding.com","08HPA-48","HPA48 - Handle Pin Assembly","Columbia Hot Mud Pump Repair Parts","https://csrbuilding.com/en-us/products/columbia-hot-mud-pump-repair-parts","190","normalized_sku_or_variant_part_token"
"543","MP2","Foot Valve Casting","Columbia Tools","","37.20","csrbuilding.com","08MP2","MP2 - Foot Valve Casting","Columbia Hot Mud Pump Repair Parts","https://csrbuilding.com/en-us/products/columbia-hot-mud-pump-repair-parts","190","normalized_sku_or_variant_part_token"
"544","MP3","Pump Flapper Valve","Columbia Tools","","4.21","csrbuilding.com","08MP3","MP3 - Pump Flapper Valve","Columbia Hot Mud Pump Repair Parts","https://csrbuilding.com/en-us/products/columbia-hot-mud-pump-repair-parts","190","normalized_sku_or_variant_part_token"
"546","MP6","Handle Link","Columbia Tools","","42.11","csrbuilding.com","08MP6","MP6 - Handle Link","Columbia Hot Mud Pump Repair Parts","https://csrbuilding.com/en-us/products/columbia-hot-mud-pump-repair-parts","190","normalized_sku_or_variant_part_token"
"547","MP7","Pump Handle","Columbia Tools","","112.29","csrbuilding.com","08MP7","MP7 - Pump Handle","Columbia Hot Mud Pump Repair Parts","https://csrbuilding.com/en-us/products/columbia-hot-mud-pump-repair-parts","190","normalized_sku_or_variant_part_token"
"548","MP8","Leg","Columbia Tools","","91.23","csrbuilding.com","08MP8","MP8 - Leg","Columbia Hot Mud Pump Repair Parts","https://csrbuilding.com/en-us/products/columbia-hot-mud-pump-repair-parts","190","normalized_sku_or_variant_part_token"
"554","MP23A","O-Ring","Columbia Tools","","1.69","csrbuilding.com","08MP23A","MP23A - O-Ring","Columbia Box Filler Adaptor Parts","https://csrbuilding.com/en-us/products/columbia-box-filler-adaptor-parts","190","normalized_sku_or_variant_part_token"
"555","MP24","Mud Pump Screen","Columbia Tools","","4.92","csrbuilding.com","08MP24","MP24 - Mud Pump Screen","Columbia Hot Mud Pump Repair Parts","https://csrbuilding.com/en-us/products/columbia-hot-mud-pump-repair-parts","190","normalized_sku_or_variant_part_token"
"556","MP25","Filler Studs","Columbia Tools","","11.94","csrbuilding.com","08MP25","MP25 - Filler Studs","Columbia Hot Mud Pump Repair Parts","https://csrbuilding.com/en-us/products/columbia-hot-mud-pump-repair-parts","190","normalized_sku_or_variant_part_token"
"559","MP33","Filler Gasket","Columbia Tools","","1.83","csrbuilding.com","08MP33","MP33 - Filler Gasket","Columbia Hot Mud Pump Repair Parts","https://csrbuilding.com/en-us/products/columbia-hot-mud-pump-repair-parts","190","normalized_sku_or_variant_part_token"
"562","FA218","4-40 x 3/8"" Flat Slot","Columbia Tools","","0.64","csrbuilding.com","08FA218","FA218 - 4-40 x 3/8"" Flat Slot","Columbia Hinged Nailspotter Repair Parts","https://csrbuilding.com/en-us/products/columbia-hinged-nailspotter-repair-parts","190","normalized_sku_or_variant_part_token"
"564","HNS4-2","Door 2""","Columbia Tools","","42.11","csrbuilding.com","08HNS4-2","HNS4-2 - Door 2""","Columbia Hinged Nailspotter Repair Parts","https://csrbuilding.com/en-us/products/columbia-hinged-nailspotter-repair-parts","190","normalized_sku_or_variant_part_token"
"565","HNS4-3","Door 3""","Columbia Tools","","42.11","csrbuilding.com","08HNS4-3","HNS4-3 - Door 3""","Columbia Hinged Nailspotter Repair Parts","https://csrbuilding.com/en-us/products/columbia-hinged-nailspotter-repair-parts","190","normalized_sku_or_variant_part_token"
"566","HNS7-2","Blade 2""","Columbia Tools","","29.47","csrbuilding.com","08HNS7-2","HNS7-2 - Blade 2""","Columbia Hinged Nailspotter Repair Parts","https://csrbuilding.com/en-us/products/columbia-hinged-nailspotter-repair-parts","190","normalized_sku_or_variant_part_token"
"567","HNS7-3","Blade 3""","Columbia Tools","","29.47","csrbuilding.com","08HNS7-3","HNS7-3 - Blade 3""","Columbia Hinged Nailspotter Repair Parts","https://csrbuilding.com/en-us/products/columbia-hinged-nailspotter-repair-parts","190","normalized_sku_or_variant_part_token"
"568","HNS8-2","Blade Holder 2""","Columbia Tools","","42.11","csrbuilding.com","08HNS8-2","HNS8-2 - Blade Holder 2""","Columbia Hinged Nailspotter Repair Parts","https://csrbuilding.com/en-us/products/columbia-hinged-nailspotter-repair-parts","190","normalized_sku_or_variant_part_token"
"569","HNS8-3","Blade Holder 3""","Columbia Tools","","42.11","csrbuilding.com","08HNS8-3","HNS8-3 - Blade Holder 3""","Columbia Hinged Nailspotter Repair Parts","https://csrbuilding.com/en-us/products/columbia-hinged-nailspotter-repair-parts","190","normalized_sku_or_variant_part_token"
"572","HNS12","Handle Clamp","Columbia Tools","","21.06","csrbuilding.com","08HNS12","HNS12 - Handle Clamp","Columbia Hinged Nailspotter Repair Parts","https://csrbuilding.com/en-us/products/columbia-hinged-nailspotter-repair-parts","190","normalized_sku_or_variant_part_token"
"573","HNS12A","Roll Pin","Columbia Tools","","7.02","csrbuilding.com","08HNS12A","HNS12A - Roll Pin","Columbia Hinged Nailspotter Repair Parts","https://csrbuilding.com/en-us/products/columbia-hinged-nailspotter-repair-parts","190","normalized_sku_or_variant_part_token"
"575","HNSA-14","Handle Link Assembly","Columbia Tools","","57.18","csrbuilding.com","08HNSA-14","HNSA14 - Handle Link Assembly","Columbia Hinged Nailspotter Repair Parts","https://csrbuilding.com/en-us/products/columbia-hinged-nailspotter-repair-parts","190","normalized_sku_or_variant_part_token"
"576","HNS15-2","Door Gasket 2""","Columbia Tools","","46.04","csrbuilding.com","08HNS15-2","HNS15-2 - Door Gasket 2""","Columbia Hinged Nailspotter Repair Parts","https://csrbuilding.com/en-us/products/columbia-hinged-nailspotter-repair-parts","190","normalized_sku_or_variant_part_token"
"577","HNS15-3","Door Gasket 3""","Columbia Tools","","45.05","csrbuilding.com","08HNS15-3","HNS15-3 - Door Gasket 3""","Columbia Hinged Nailspotter Repair Parts","https://csrbuilding.com/en-us/products/columbia-hinged-nailspotter-repair-parts","190","normalized_sku_or_variant_part_token"
"578","HNS17A","Nail Spotter Handle Tightness Screw","Columbia Tools","","6.33","csrbuilding.com","08HNS17A","HNS17A - Nail Spotter Handle Tightness Screw","Columbia Hinged Nailspotter Repair Parts","https://csrbuilding.com/en-us/products/columbia-hinged-nailspotter-repair-parts","190","normalized_sku_or_variant_part_token"
"579","HNS18","Pivot","Columbia Tools","","4.24","csrbuilding.com","08HNS18","HNS18 - Pivot","Columbia Hinged Nailspotter Repair Parts","https://csrbuilding.com/en-us/products/columbia-hinged-nailspotter-repair-parts","190","normalized_sku_or_variant_part_token"
"581","FA237","6-32 x 3/16"" Binder Slot","Columbia Tools","","0.64","csrbuilding.com","08FA237","FA237 - 6-32 x 3/16"" Binder Slot","Columbia Matrix Handle Repair Parts","https://csrbuilding.com/en-us/products/columbia-matrix-handle-repair-parts","190","normalized_sku_or_variant_part_token"
"582","FA317","5/32"" x 7/8"" Roll Pin","Columbia Tools","","1.33","csrbuilding.com","08FA317","FA317 - 5/32"" x 7/8"" Roll Pin","Columbia Matrix Handle Repair Parts","https://csrbuilding.com/en-us/products/columbia-matrix-handle-repair-parts","190","normalized_sku_or_variant_part_token"
"583","FA365","3/16 x 1"" Sping Pin SS","Columbia Tools","","3.31","csrbuilding.com","08FA365","FA365 - 3/16 x 1"" Sping Pin SS","Columbia Matrix Handle Repair Parts","https://csrbuilding.com/en-us/products/columbia-matrix-handle-repair-parts","190","normalized_sku_or_variant_part_token"
"584","FA376","8-32 x 5/16 SS Socket Head","Columbia Tools","","2.00","csrbuilding.com","08FA376","FA376 - 8-32 x 5/16 SS Socket Head","Columbia Matrix Handle Repair Parts","https://csrbuilding.com/en-us/products/columbia-matrix-handle-repair-parts","190","normalized_sku_or_variant_part_token"
"587","FA382","10-32 x 1/4"" SS Set Screw","Columbia Tools","","0.80","csrbuilding.com","08FA382","FA382 - 10-32 x 1/4"" SS Set Screw","Columbia Matrix Handle Repair Parts","https://csrbuilding.com/en-us/products/columbia-matrix-handle-repair-parts","190","normalized_sku_or_variant_part_token"
"588","HH5","Extension Housing","Columbia Tools","","42.11","csrbuilding.com","08HH5","HH5 - Extension Housing","Columbia Matrix Handle Repair Parts","https://csrbuilding.com/en-us/products/columbia-matrix-handle-repair-parts","190","normalized_sku_or_variant_part_token"
"589","HH8","Handle Tube","Columbia Tools","","57.41","csrbuilding.com","08HH8","HH8 - Handle Tube","Columbia Matrix Handle Repair Parts","https://csrbuilding.com/en-us/products/columbia-matrix-handle-repair-parts","190","normalized_sku_or_variant_part_token"
"592","HH32","Release Clip Washer","Columbia Tools","","28.07","csrbuilding.com","08HH32","HH32 - Release Clip Washer","Columbia Matrix Handle Repair Parts","https://csrbuilding.com/en-us/products/columbia-matrix-handle-repair-parts","190","normalized_sku_or_variant_part_token"
"594","HH35","Handle Grip","Columbia Tools","","8.02","csrbuilding.com","08HH35","HH35 - Handle Grip","Columbia Matrix Handle Repair Parts","https://csrbuilding.com/en-us/products/columbia-matrix-handle-repair-parts","190","normalized_sku_or_variant_part_token"
"595","MH1","Handle Mount Plate","Columbia Tools","","96.57","csrbuilding.com","08MH1","MH1 - Handle Mount Plate","Columbia Matrix Handle Repair Parts","https://csrbuilding.com/en-us/products/columbia-matrix-handle-repair-parts","190","normalized_sku_or_variant_part_token"
"596","MH2","Matrix Handle Head","Columbia Tools","","5.15","csrbuilding.com","08MH2","MH2 - Matrix Handle Head","Columbia Matrix Handle Repair Parts","https://csrbuilding.com/en-us/products/columbia-matrix-handle-repair-parts","190","normalized_sku_or_variant_part_token"
"597","MH3","Lower Mount Bracket","Columbia Tools","","41.38","csrbuilding.com","08MH3","MH3 - Lower Mount Bracket","Columbia Matrix Handle Repair Parts","https://csrbuilding.com/en-us/products/columbia-matrix-handle-repair-parts","190","normalized_sku_or_variant_part_token"
"598","MH3A","Mounting Bracket Stem","Columbia Tools","","5.15","csrbuilding.com","08MH3A","MH3A - Mounting Bracket Stem","Columbia Matrix Handle Repair Parts","https://csrbuilding.com/en-us/products/columbia-matrix-handle-repair-parts","190","normalized_sku_or_variant_part_token"
"599","MH4","Handle Grip","Columbia Tools","","47.10","csrbuilding.com","08MH4","MH4 - Handle Grip","Columbia Matrix Handle Repair Parts","https://csrbuilding.com/en-us/products/columbia-matrix-handle-repair-parts","190","normalized_sku_or_variant_part_token"
"600","MH5","Connecting Link Pin","Columbia Tools","","6.18","csrbuilding.com","08MH5","MH5 - Connecting Link Pin","Columbia Matrix Handle Repair Parts","https://csrbuilding.com/en-us/products/columbia-matrix-handle-repair-parts","190","normalized_sku_or_variant_part_token"
"601","MH6","Hinge Pin","Columbia Tools","","5.14","csrbuilding.com","08MH6","MH6 - Hinge Pin","Columbia Matrix Handle Repair Parts","https://csrbuilding.com/en-us/products/columbia-matrix-handle-repair-parts","190","normalized_sku_or_variant_part_token"
"602","MH7","Connecting Link Fork","Columbia Tools","","37.08","csrbuilding.com","08MH7","MH7 - Connecting Link Fork","Columbia Matrix Handle Repair Parts","https://csrbuilding.com/en-us/products/columbia-matrix-handle-repair-parts","190","normalized_sku_or_variant_part_token"
"603","MH8","Brake Rod Bushing","Columbia Tools","","10.31","csrbuilding.com","08MH8","MH8 - Brake Rod Bushing","Columbia Matrix Handle Repair Parts","https://csrbuilding.com/en-us/products/columbia-matrix-handle-repair-parts","190","normalized_sku_or_variant_part_token"
"604","MH9A","Brake Activation Rod","Columbia Tools","","30.90","csrbuilding.com","08MH9A","MH9A - Brake Activation Rod","Columbia Matrix Handle Repair Parts","https://csrbuilding.com/en-us/products/columbia-matrix-handle-repair-parts","190","normalized_sku_or_variant_part_token"
"605","MH10","Octagon","Columbia Tools","","46.35","csrbuilding.com","08MH10","MH10 - Octagon","Columbia Matrix Handle Repair Parts","https://csrbuilding.com/en-us/products/columbia-matrix-handle-repair-parts","190","normalized_sku_or_variant_part_token"
"606","MH11","Handle Grip Bushing","Columbia Tools","","7.01","csrbuilding.com","08MH11","MH11 - Handle Grip Bushing","Columbia Matrix Handle Repair Parts","https://csrbuilding.com/en-us/products/columbia-matrix-handle-repair-parts","190","normalized_sku_or_variant_part_token"
"607","MH12","PinchBrake Spring","Columbia Tools","","5.15","csrbuilding.com","08MH12","MH12 - PinchBrake Spring","Columbia Matrix Handle Repair Parts","https://csrbuilding.com/en-us/products/columbia-matrix-handle-repair-parts","190","normalized_sku_or_variant_part_token"
"608","MH13","Large Nyliner Bushing","Columbia Tools","","5.55","csrbuilding.com","08MH13","MH13 - Large Nyliner Bushing","Columbia Matrix Handle Repair Parts","https://csrbuilding.com/en-us/products/columbia-matrix-handle-repair-parts","190","normalized_sku_or_variant_part_token"
"609","MH15","Pinch Brake Activator","Columbia Tools","","28.01","csrbuilding.com","08MH15","MH15 - Pinch Brake Activator","Columbia Matrix Handle Repair Parts","https://csrbuilding.com/en-us/products/columbia-matrix-handle-repair-parts","190","normalized_sku_or_variant_part_token"
"610","MH16","Connecting Rod Housing","Columbia Tools","","9.55","csrbuilding.com","08MH16","MH16 - Connecting Rod Housing","Columbia Matrix Handle Repair Parts","https://csrbuilding.com/en-us/products/columbia-matrix-handle-repair-parts","190","normalized_sku_or_variant_part_token"
"612","MH18","Pinch Brake Housing","Columbia Tools","","24.72","csrbuilding.com","08MH18","MH18 - Pinch Brake Housing","Columbia Matrix Handle Repair Parts","https://csrbuilding.com/en-us/products/columbia-matrix-handle-repair-parts","190","normalized_sku_or_variant_part_token"
"613","MH19","Pinch Brake Sleeve","Columbia Tools","","35.02","csrbuilding.com","08MH19","MH19 - Pinch Brake Sleeve","Columbia Matrix Handle Repair Parts","https://csrbuilding.com/en-us/products/columbia-matrix-handle-repair-parts","190","normalized_sku_or_variant_part_token"
"614","MH20","Small Nyliner Bushing","Columbia Tools","","3.09","csrbuilding.com","08MH20","MH20 - Small Nyliner Bushing","Columbia Matrix Handle Repair Parts","https://csrbuilding.com/en-us/products/columbia-matrix-handle-repair-parts","190","normalized_sku_or_variant_part_token"
"616","MH22","Grip Adjustment Pin","Columbia Tools","","14.07","csrbuilding.com","08MH22","MH22 - Grip Adjustment Pin","Columbia Matrix Handle Repair Parts","https://csrbuilding.com/en-us/products/columbia-matrix-handle-repair-parts","190","normalized_sku_or_variant_part_token"
"617","MH23","Grip Adjusting Fastener","Columbia Tools","","14.00","csrbuilding.com","08MH23","MH23 - Grip Adjusting Fastener","Columbia Matrix Handle Repair Parts","https://csrbuilding.com/en-us/products/columbia-matrix-handle-repair-parts","190","normalized_sku_or_variant_part_token"
"620","CFB3-7","Side Plate 7""","Columbia Tools","","50.53","csrbuilding.com","08CFB3-7","CFB3-7 - Side Plate 7""","Columbia Corner Flusher Box Repair Parts","https://csrbuilding.com/en-us/products/columbia-corner-flusher-box-repair-parts","190","normalized_sku_or_variant_part_token"
"621","CFB3-8","Side Plate 8""","Columbia Tools","","50.53","csrbuilding.com","08CFB3-8","CFB3-8 - Side Plate 8""","Columbia Corner Flusher Box Repair Parts","https://csrbuilding.com/en-us/products/columbia-corner-flusher-box-repair-parts","190","normalized_sku_or_variant_part_token"
"624","CFB5B","Cone Ball","Columbia Tools","","20.05","csrbuilding.com","08CFB5B","CFB5B - Cone Ball","Columbia Corner Flusher Box Repair Parts","https://csrbuilding.com/en-us/products/columbia-corner-flusher-box-repair-parts","190","normalized_sku_or_variant_part_token"
"625","CFB6","Mud Supply Valve Unit","Columbia Tools","","36.50","csrbuilding.com","08CFB6","CFB6 - Mud Supply Valve Unit","Columbia Corner Flusher Box Repair Parts","https://csrbuilding.com/en-us/products/columbia-corner-flusher-box-repair-parts","190","normalized_sku_or_variant_part_token"
"628","CFB8","Box Mount","Columbia Tools","","56.14","csrbuilding.com","08CFB8","CFB8 - Box Mount","Columbia Corner Flusher Box Repair Parts","https://csrbuilding.com/en-us/products/columbia-corner-flusher-box-repair-parts","190","normalized_sku_or_variant_part_token"
"629","CFB10","5/16-18 x 3/4"" Thumb Screw","Columbia Tools","","6.72","csrbuilding.com","08CFB10","CFB10 - 5/16-18 x 3/4"" Thumb Screw","Columbia Corner Flusher Box Repair Parts","https://csrbuilding.com/en-us/products/columbia-corner-flusher-box-repair-parts","190","normalized_sku_or_variant_part_token"
"630","CFB11A","Door Stop","Columbia Tools","","3.37","csrbuilding.com","08CFB11A","CFB11A - Door Stop","Columbia Corner Flusher Box Repair Parts","https://csrbuilding.com/en-us/products/columbia-corner-flusher-box-repair-parts","190","normalized_sku_or_variant_part_token"
"640","CT107","Piston Body","Columbia Tools","","33.68","csrbuilding.com","08CT107","CT107 - Piston Body","Columbia Automatic Taper Body Repair Parts","https://csrbuilding.com/en-us/products/columbia-automatic-taper-body-repair-parts","190","normalized_sku_or_variant_part_token"
"641","CT109","1/4 - 20 Hex Nut","Columbia Tools","","7.02","csrbuilding.com","08CT109","CT109 - 1/4 - 20 Hex Nut","Columbia Automatic Taper Body Repair Parts","https://csrbuilding.com/en-us/products/columbia-automatic-taper-body-repair-parts","190","normalized_sku_or_variant_part_token"
"643","CT112","Connecting Stud","Columbia Tools","","13.02","csrbuilding.com","08CT112","CT112 - Connecting Stud","Columbia Automatic Taper Body Repair Parts","https://csrbuilding.com/en-us/products/columbia-automatic-taper-body-repair-parts","190","normalized_sku_or_variant_part_token"
"644","CT115","Guard Ring","Columbia Tools","","24.57","csrbuilding.com","08CT115","CT115 - Guard Ring","Columbia Automatic Taper Body Repair Parts","https://csrbuilding.com/en-us/products/columbia-automatic-taper-body-repair-parts","190","normalized_sku_or_variant_part_token"
"648","CT121A","O-Ring","Columbia Tools","","1.69","csrbuilding.com","08CT121A","CT121A - O-Ring","Columbia Automatic Taper Body Repair Parts","https://csrbuilding.com/en-us/products/columbia-automatic-taper-body-repair-parts","190","normalized_sku_or_variant_part_token"
"649","CT124","Hand Grip Guard Ring","Columbia Tools","","24.57","csrbuilding.com","08CT124","CT124 - Hand Grip Guard Ring","Columbia Automatic Taper Body Repair Parts","https://csrbuilding.com/en-us/products/columbia-automatic-taper-body-repair-parts","190","normalized_sku_or_variant_part_token"
"652","CT126","Hand Grip Body","Columbia Tools","","84.21","csrbuilding.com","08CT126","CT126 - Hand Grip Body","Columbia Automatic Taper Body Repair Parts","https://csrbuilding.com/en-us/products/columbia-automatic-taper-body-repair-parts","190","normalized_sku_or_variant_part_token"
"655","CT132","Connecting Link","Columbia Tools","","2.00","csrbuilding.com","08CT132","CT132 - Connecting Link","Columbia Automatic Taper Body Repair Parts","https://csrbuilding.com/en-us/products/columbia-automatic-taper-body-repair-parts","190","normalized_sku_or_variant_part_token"
"657","FA291","1/4-20 Hex Nut","Columbia Tools","","1.40","csrbuilding.com","08FA291","FA291 - 1/4-20 Hex Nut","Columbia Automatic Taper Body Repair Parts","https://csrbuilding.com/en-us/products/columbia-automatic-taper-body-repair-parts","190","normalized_sku_or_variant_part_token"
"660","BH1","Mounting Plate","Columbia Tools","","38.28","csrbuilding.com","08BH1","BH1 - Mounting Plate","Columbia Hydra-Reach Box Handle Repair Parts","https://csrbuilding.com/en-us/products/columbia-hydra-reach-box-handle-repair-parts","190","normalized_sku_or_variant_part_token"
"663","BH24A","Bearing Sleeve","Columbia Tools","","4.92","csrbuilding.com","08BH24A","BH24A - Bearing Sleeve","Columbia 180 Grip Box Handle Repair Parts","https://csrbuilding.com/en-us/products/columbia-180-grip-box-handle-repair-parts","190","normalized_sku_or_variant_part_token"
"665","BH3","Lower Mounting Bracket","Columbia Tools","","40.70","csrbuilding.com","08BH3","BH3 - Lower Mounting Bracket","Columbia 180 Grip Box Handle Repair Parts","https://csrbuilding.com/en-us/products/columbia-180-grip-box-handle-repair-parts","190","normalized_sku_or_variant_part_token"
"669","BH7","Cam Follower","Columbia Tools","","18.24","csrbuilding.com","08BH7","BH7 - Cam Follower","Columbia 180 Grip Box Handle Repair Parts","https://csrbuilding.com/en-us/products/columbia-180-grip-box-handle-repair-parts","190","normalized_sku_or_variant_part_token"
"670","BH9-3","Brake Connecting Strap - 3'","Columbia Tools","","33.68","csrbuilding.com","08BH9-3","BH9-3 - Brake Connecting Strap - 3'","Columbia 180 Grip Box Handle Repair Parts","https://csrbuilding.com/en-us/products/columbia-180-grip-box-handle-repair-parts","190","normalized_sku_or_variant_part_token"
"671","BH9-4","Brake Connecting Strap - 4'","Columbia Tools","","39.30","csrbuilding.com","08BH9-4","BH9-4 - Brake Connecting Strap - 4'","Columbia 180 Grip Box Handle Repair Parts","https://csrbuilding.com/en-us/products/columbia-180-grip-box-handle-repair-parts","190","normalized_sku_or_variant_part_token"
"672","BH9-42","Brake Connecing Strap - 42""","Columbia Tools","","36.50","csrbuilding.com","08BH9-42","BH9-42 - Brake Connecing Strap - 42""","Columbia 180 Grip Box Handle Repair Parts","https://csrbuilding.com/en-us/products/columbia-180-grip-box-handle-repair-parts","190","normalized_sku_or_variant_part_token"
"673","BH9-5","Brake Connecting Strap - 5'","Columbia Tools","","42.11","csrbuilding.com","08BH9-5","BH9-5 - Brake Connecting Strap - 5'","Columbia 180 Grip Box Handle Repair Parts","https://csrbuilding.com/en-us/products/columbia-180-grip-box-handle-repair-parts","190","normalized_sku_or_variant_part_token"
"674","BH9-6","Brake Connecting Strap -6'","Columbia Tools","","44.92","csrbuilding.com","08BH9-6","BH9-6 - Brake Connecting Strap -6'","Columbia 180 Grip Box Handle Repair Parts","https://csrbuilding.com/en-us/products/columbia-180-grip-box-handle-repair-parts","190","normalized_sku_or_variant_part_token"
"675","FA202","1/16 X 1/2"" Cotter Pin","Columbia Tools","","0.64","csrbuilding.com","08FA202","FA202 - 1/16 X 1/2"" Cotter Pin","Columbia 180 Grip Box Handle Repair Parts","https://csrbuilding.com/en-us/products/columbia-180-grip-box-handle-repair-parts","190","normalized_sku_or_variant_part_token"
"678","FA311","Columbia FA311 1/4-28 X 1/2"" Socket Head","Columbia Tools","","1.78","csrbuilding.com","08FA311","FA311 - 1/4-28 X 1/2"" Socket Head","Columbia Hydra-Reach Box Handle Repair Parts","https://csrbuilding.com/en-us/products/columbia-hydra-reach-box-handle-repair-parts","190","normalized_sku_or_variant_part_token"
"680","FA259","Columbia FA259 8-32 X 5/16"" Binder Slot","Columbia Tools","","0.64","csrbuilding.com","08FA259","FA259 8-32 X 5/16"" Binder Slot","Columbia Hydra-Reach Box Handle Repair Parts","https://csrbuilding.com/en-us/products/columbia-hydra-reach-box-handle-repair-parts","190","normalized_sku_or_variant_part_token"
"681","FA315","Columbia FA315 10-32 X 3/8"" Flat Socket Head","Columbia Tools","","2.00","csrbuilding.com","08FA315","FA315 10-32 X 3/8"" Flat Socket Head","Columbia Hydra-Reach Box Handle Repair Parts","https://csrbuilding.com/en-us/products/columbia-hydra-reach-box-handle-repair-parts","190","normalized_sku_or_variant_part_token"
"682","FA316","10-32 X 1/2"" Flat Socket Head","Columbia Tools","","2.00","csrbuilding.com","08FA316","FA316 - 10-32 X 1/2"" Flat Socket Head","Columbia Hydra-Reach Box Handle Repair Parts","https://csrbuilding.com/en-us/products/columbia-hydra-reach-box-handle-repair-parts","190","normalized_sku_or_variant_part_token"
"683","FA320","1/4-28-3/8"" Socket Set Screw","Columbia Tools","","2.00","csrbuilding.com","08FA320","FA320 - 1/4-28-3/8"" Socket Set Screw","Columbia Hydra-Reach Box Handle Repair Parts","https://csrbuilding.com/en-us/products/columbia-hydra-reach-box-handle-repair-parts","190","normalized_sku_or_variant_part_token"
"684","HH2","Upper Mounting Bracket","Columbia Tools","","84.36","csrbuilding.com","08HH2","HH2 - Upper Mounting Bracket","Columbia Hydra-Reach Box Handle Repair Parts","https://csrbuilding.com/en-us/products/columbia-hydra-reach-box-handle-repair-parts","190","normalized_sku_or_variant_part_token"
"685","HH7","Brake","Columbia Tools","","28.12","csrbuilding.com","08HH7","HH7 - Brake","Columbia Hydra-Reach Box Handle Repair Parts","https://csrbuilding.com/en-us/products/columbia-hydra-reach-box-handle-repair-parts","190","normalized_sku_or_variant_part_token"
"686","HH9","Coiled Hydraulic Line","Columbia Tools","","51.62","csrbuilding.com","08HH9","HH9 - Coiled Hydraulic Line","Columbia Hydra-Reach Box Handle Repair Parts","https://csrbuilding.com/en-us/products/columbia-hydra-reach-box-handle-repair-parts","190","normalized_sku_or_variant_part_token"
"687","HH10A","Top Cap","Columbia Tools","","2.11","csrbuilding.com","08HH10A","HH10A - Top Cap","Columbia Hydra-Reach Box Handle Repair Parts","https://csrbuilding.com/en-us/products/columbia-hydra-reach-box-handle-repair-parts","190","normalized_sku_or_variant_part_token"
"688","HH10B","Bottom Cap","Columbia Tools","","2.00","csrbuilding.com","08HH10B","HH10B - Bottom Cap","Columbia Hydra-Reach Box Handle Repair Parts","https://csrbuilding.com/en-us/products/columbia-hydra-reach-box-handle-repair-parts","190","normalized_sku_or_variant_part_token"
"689","HH12","Brake Spring","Columbia Tools","","5.62","csrbuilding.com","08HH12","HH12 - Brake Spring","Columbia Hydra-Reach Box Handle Repair Parts","https://csrbuilding.com/en-us/products/columbia-hydra-reach-box-handle-repair-parts","190","normalized_sku_or_variant_part_token"
"690","HH13","Brake Pin","Columbia Tools","","20.09","csrbuilding.com","08HH13","HH13 - Brake Pin","Columbia Hydra-Reach Box Handle Repair Parts","https://csrbuilding.com/en-us/products/columbia-hydra-reach-box-handle-repair-parts","190","normalized_sku_or_variant_part_token"
"691","HH14","Brake Piston","Columbia Tools","","21.69","csrbuilding.com","08HH14","HH14 - Brake Piston","Columbia Hydra-Reach Box Handle Repair Parts","https://csrbuilding.com/en-us/products/columbia-hydra-reach-box-handle-repair-parts","190","normalized_sku_or_variant_part_token"
"692","HH15","Grip Sleeve Octagon","Columbia Tools","","18.35","csrbuilding.com","08HH15","HH15 - Grip Sleeve Octagon","Columbia Hydra-Reach Box Handle Repair Parts","https://csrbuilding.com/en-us/products/columbia-hydra-reach-box-handle-repair-parts","190","normalized_sku_or_variant_part_token"
"693","HH16","Piston Housing","Columbia Tools","","33.74","csrbuilding.com","08HH16","HH16 - Piston Housing","Columbia Hydra-Reach Box Handle Repair Parts","https://csrbuilding.com/en-us/products/columbia-hydra-reach-box-handle-repair-parts","190","normalized_sku_or_variant_part_token"
"694","HH16A","Bleeder Screw","Columbia Tools","","21.07","csrbuilding.com","08HH16A","HH16A - Bleeder Screw","Columbia Hydra-Reach Box Handle Repair Parts","https://csrbuilding.com/en-us/products/columbia-hydra-reach-box-handle-repair-parts","190","normalized_sku_or_variant_part_token"
"695","HH17A","Brass Connector 1","Columbia Tools","","5.62","csrbuilding.com","08HH17A","HH17A - Brass Connector 1","Columbia Hydra-Reach Box Handle Repair Parts","https://csrbuilding.com/en-us/products/columbia-hydra-reach-box-handle-repair-parts","190","normalized_sku_or_variant_part_token"
"696","HH17B","Brass Connector 2","Columbia Tools","","5.62","csrbuilding.com","08HH17B","HH17B - Brass Connector 2","Columbia Hydra-Reach Box Handle Repair Parts","https://csrbuilding.com/en-us/products/columbia-hydra-reach-box-handle-repair-parts","190","normalized_sku_or_variant_part_token"
"697","HH17C","Line Pincher","Columbia Tools","","4.28","csrbuilding.com","08HH17C","HH17C - Line Pincher","Columbia Hydra-Reach Box Handle Repair Parts","https://csrbuilding.com/en-us/products/columbia-hydra-reach-box-handle-repair-parts","190","normalized_sku_or_variant_part_token"
"698","HH19","Cap","Columbia Tools","","21.00","csrbuilding.com","08HH19","HH19 - Cap","Columbia Hydra-Reach Box Handle Repair Parts","https://csrbuilding.com/en-us/products/columbia-hydra-reach-box-handle-repair-parts","190","normalized_sku_or_variant_part_token"
"699","HH23","Piston O-Ring","Columbia Tools","","2.00","csrbuilding.com","08HH23","HH23 - Piston O-Ring","Columbia Hydra-Reach Box Handle Repair Parts","https://csrbuilding.com/en-us/products/columbia-hydra-reach-box-handle-repair-parts","190","normalized_sku_or_variant_part_token"
"700","CR1","Head Casting","Columbia Tools","","50.40","csrbuilding.com","08CR1","CR1 - Head Casting","Columbia Corner Roller Repair Parts","https://csrbuilding.com/en-us/products/columbia-corner-roller-repair-parts","190","normalized_sku_or_variant_part_token"
"701","CR2","Roller (2 piece - nylatron/steel)","Columbia Tools","","14.61","csrbuilding.com","08CR2","CR2 - Roller (2 piece - nylatron/steel)","Columbia Corner Roller Repair Parts","https://csrbuilding.com/en-us/products/columbia-corner-roller-repair-parts","190","normalized_sku_or_variant_part_token"
"703","CR4","Cut Washer","Columbia Tools","","3.73","csrbuilding.com","08CR4","CR4 - Cut Washer","Columbia Corner Roller Repair Parts","https://csrbuilding.com/en-us/products/columbia-corner-roller-repair-parts","190","normalized_sku_or_variant_part_token"
"708","FA299","1/4-20 x 1 1/2"" Pan Phillips","Columbia Tools","","4.00","csrbuilding.com","08FA299","FA299 - 1/4-20 x 1 1/2"" Pan Phillips","Columbia Corner Roller Repair Parts","https://csrbuilding.com/en-us/products/columbia-corner-roller-repair-parts","190","normalized_sku_or_variant_part_token"
